Datetime,Price,Ticker,Value
2023-04-26,Close,CS.PA,25.95062255859375
2023-04-26,High,CS.PA,26.07474525290128
2023-04-26,Low,CS.PA,25.600417309889085
2023-04-26,Open,CS.PA,25.924024113651477
2023-04-26,Volume,CS.PA,3886950.0
2023-04-27,Close,CS.PA,26.114643096923828
2023-04-27,High,CS.PA,26.252065864603683
2023-04-27,Low,CS.PA,25.83093310394796
2023-04-27,Open,CS.PA,25.99052039775812
2023-04-27,Volume,CS.PA,2878200.0
2023-04-28,Close,CS.PA,26.21660041809082
2023-04-28,High,CS.PA,26.314126359149174
2023-04-28,Low,CS.PA,25.79546767111916
2023-04-28,Open,CS.PA,26.278661765657088
2023-04-28,Volume,CS.PA,3916748.0
2023-05-02,Close,CS.PA,25.56938743591309
2023-05-02,High,CS.PA,26.305260858545992
2023-05-02,Low,CS.PA,25.476295412271288
2023-05-02,Open,CS.PA,26.300828629772784
2023-05-02,Volume,CS.PA,5526193.0
2023-05-03,Close,CS.PA,25.529489517211918
2023-05-03,High,CS.PA,25.755570377932187
2023-05-03,Low,CS.PA,25.449695874358916
2023-05-03,Open,CS.PA,25.69350903150093
2023-05-03,Volume,CS.PA,3510295.0
2023-05-04,Close,CS.PA,24.953203201293945
2023-05-04,High,CS.PA,25.48516025214338
2023-05-04,Low,CS.PA,24.837944966570063
2023-05-04,Open,CS.PA,25.338871344465726
2023-05-04,Volume,CS.PA,5158490.0
2023-05-05,Close,CS.PA,25.58711814880371
2023-05-05,High,CS.PA,25.66691179014032
2023-05-05,Low,CS.PA,25.20144831866182
2023-05-05,Open,CS.PA,25.228046762788967
2023-05-05,Volume,CS.PA,5621930.0
2023-05-08,Close,CS.PA,26.05345344543457
2023-05-08,High,CS.PA,26.05345344543457
2023-05-08,Low,CS.PA,25.601249680835068
2023-05-08,Open,CS.PA,25.7849584148019
2023-05-08,Volume,CS.PA,5653503.0
2023-05-09,Close,CS.PA,25.9498233795166
2023-05-09,High,CS.PA,25.9686655775576
2023-05-09,Low,CS.PA,25.667197596465293
2023-05-09,Open,CS.PA,25.874456384243526
2023-05-09,Volume,CS.PA,4317338.0
2023-05-10,Close,CS.PA,25.58711814880371
2023-05-10,High,CS.PA,26.10526599635464
2023-05-10,Low,CS.PA,25.417541966873348
2023-05-10,Open,CS.PA,26.02047970228029
2023-05-10,Volume,CS.PA,4097485.0
2023-05-11,Close,CS.PA,25.365726470947266
2023-05-11,High,CS.PA,25.756693973518995
2023-05-11,Low,CS.PA,25.11607364928486
2023-05-11,Open,CS.PA,25.67661553454432
2023-05-11,Volume,CS.PA,3245269.0
2023-05-12,Close,CS.PA,25.38456916809082
2023-05-12,High,CS.PA,25.70959078431657
2023-05-12,Low,CS.PA,25.346886570159207
2023-05-12,Open,CS.PA,25.51646095618774
2023-05-12,Volume,CS.PA,3623081.0
2023-05-15,Close,CS.PA,26.001638412475582
2023-05-15,High,CS.PA,26.204187548307143
2023-05-15,Low,CS.PA,25.638934187774677
2023-05-15,Open,CS.PA,25.657776385733637
2023-05-15,Volume,CS.PA,4962953.0
2023-05-16,Close,CS.PA,26.15237236022949
2023-05-16,High,CS.PA,26.28426415194791
2023-05-16,Low,CS.PA,25.76140483922006
2023-05-16,Open,CS.PA,25.813219985078263
2023-05-16,Volume,CS.PA,4977393.0
2023-05-17,Close,CS.PA,26.04403114318848
2023-05-17,High,CS.PA,26.119398134324413
2023-05-17,Low,CS.PA,25.926270107232902
2023-05-17,Open,CS.PA,26.048740793994742
2023-05-17,Volume,CS.PA,3235225.0
2023-05-18,Close,CS.PA,26.138240814208984
2023-05-18,High,CS.PA,26.359630344009663
2023-05-18,Low,CS.PA,26.072293123467265
2023-05-18,Open,CS.PA,26.09584676860616
2023-05-18,Volume,CS.PA,2885301.0
2023-05-19,Close,CS.PA,26.157081604003903
2023-05-19,High,CS.PA,26.31252703915825
2023-05-19,Low,CS.PA,25.855613629403692
2023-05-19,Open,CS.PA,26.161793051858147
2023-05-19,Volume,CS.PA,4250022.0
2023-05-22,Close,CS.PA,26.138240814208984
2023-05-22,High,CS.PA,26.18534451070508
2023-05-22,Low,CS.PA,25.96866463179768
2023-05-22,Open,CS.PA,26.13352936642487
2023-05-22,Volume,CS.PA,3075601.0
2023-05-23,Close,CS.PA,26.246580123901367
2023-05-23,High,CS.PA,26.34549896230422
2023-05-23,Low,CS.PA,26.0581617486562
2023-05-23,Open,CS.PA,26.086425044010216
2023-05-23,Volume,CS.PA,3184776.0
2023-05-24,Close,CS.PA,25.58711814880371
2023-05-24,High,CS.PA,26.07700449729347
2023-05-24,Low,CS.PA,25.39869976957201
2023-05-24,Open,CS.PA,25.987504958557533
2023-05-24,Volume,CS.PA,5578506.0
2023-05-25,Close,CS.PA,25.40341186523437
2023-05-25,High,CS.PA,25.58711880138061
2023-05-25,Low,CS.PA,25.03599799294191
2023-05-25,Open,CS.PA,25.540015103816764
2023-05-25,Volume,CS.PA,3124936.0
2023-05-26,Close,CS.PA,25.525882720947266
2023-05-26,High,CS.PA,25.6200919135708
2023-05-26,Low,CS.PA,24.979471559999865
2023-05-26,Open,CS.PA,25.57298821570448
2023-05-26,Volume,CS.PA,3871123.0
2023-05-29,Close,CS.PA,25.671905517578125
2023-05-29,High,CS.PA,25.780245453676788
2023-05-29,Low,CS.PA,25.577696330612525
2023-05-29,Open,CS.PA,25.70016881273504
2023-05-29,Volume,CS.PA,2292642.0
2023-05-30,Close,CS.PA,25.40341186523437
2023-05-30,High,CS.PA,25.74727388874492
2023-05-30,Low,CS.PA,25.384569667452485
2023-05-30,Open,CS.PA,25.62009174905348
2023-05-30,Volume,CS.PA,3531076.0
2023-05-31,Close,CS.PA,24.885263442993164
2023-05-31,High,CS.PA,25.5918296718542
2023-05-31,Low,CS.PA,24.875842344314783
2023-05-31,Open,CS.PA,25.200862162710155
2023-05-31,Volume,CS.PA,13608709.0
2023-06-01,Close,CS.PA,25.224414825439453
2023-06-01,High,CS.PA,25.30449326834595
2023-06-01,Low,CS.PA,24.979471642565017
2023-06-01,Open,CS.PA,25.139626731487112
2023-06-01,Volume,CS.PA,3188219.0
2023-06-02,Close,CS.PA,25.67661666870117
2023-06-02,High,CS.PA,25.799089157980188
2023-06-02,Low,CS.PA,25.337466091454345
2023-06-02,Open,CS.PA,25.441094585970177
2023-06-02,Volume,CS.PA,4804719.0
2023-06-05,Close,CS.PA,25.60124969482422
2023-06-05,High,CS.PA,25.996926866008184
2023-06-05,Low,CS.PA,25.478779002336967
2023-06-05,Open,CS.PA,25.888586923491143
2023-06-05,Volume,CS.PA,3155011.0
2023-06-06,Close,CS.PA,25.68132781982422
2023-06-06,High,CS.PA,25.780246662174253
2023-06-06,Low,CS.PA,25.521172733542365
2023-06-06,Open,CS.PA,25.596539727269658
2023-06-06,Volume,CS.PA,2066798.0
2023-06-07,Close,CS.PA,25.57769775390625
2023-06-07,High,CS.PA,25.72843174268262
2023-06-07,Low,CS.PA,25.398700468400225
2023-06-07,Open,CS.PA,25.6719069461142
2023-06-07,Volume,CS.PA,3127254.0
2023-06-08,Close,CS.PA,25.492908477783203
2023-06-08,High,CS.PA,25.80379753982114
2023-06-08,Low,CS.PA,25.37514744220988
2023-06-08,Open,CS.PA,25.70016905040236
2023-06-08,Volume,CS.PA,2895832.0
2023-06-09,Close,CS.PA,24.98418235778809
2023-06-09,High,CS.PA,25.549435701929475
2023-06-09,Low,CS.PA,24.927655765550355
2023-06-09,Open,CS.PA,25.450515063958868
2023-06-09,Volume,CS.PA,4507915.0
2023-06-12,Close,CS.PA,24.710975646972656
2023-06-12,High,CS.PA,25.17731014552388
2023-06-12,Low,CS.PA,24.710975646972656
2023-06-12,Open,CS.PA,25.17731014552388
2023-06-12,Volume,CS.PA,4145099.0
2023-06-13,Close,CS.PA,24.8522891998291
2023-06-13,High,CS.PA,24.96063093836764
2023-06-13,Low,CS.PA,24.52255972389748
2023-06-13,Open,CS.PA,24.81460660124729
2023-06-13,Volume,CS.PA,4463323.0
2023-06-14,Close,CS.PA,25.111364364624023
2023-06-14,High,CS.PA,25.356307539043392
2023-06-14,Low,CS.PA,24.786342750062342
2023-06-14,Open,CS.PA,24.786342750062342
2023-06-14,Volume,CS.PA,4766158.0
2023-06-15,Close,CS.PA,25.03599739074707
2023-06-15,High,CS.PA,25.1019432845066
2023-06-15,Low,CS.PA,24.725108322387257
2023-06-15,Open,CS.PA,25.012443745640805
2023-06-15,Volume,CS.PA,3489015.0
2023-06-16,Close,CS.PA,24.871129989624023
2023-06-16,High,CS.PA,25.304491528573173
2023-06-16,Low,CS.PA,24.871129989624023
2023-06-16,Open,CS.PA,25.04541581659178
2023-06-16,Volume,CS.PA,18660060.0
2023-06-19,Close,CS.PA,24.84286880493164
2023-06-19,High,CS.PA,25.182019364811083
2023-06-19,Low,CS.PA,24.692133026563138
2023-06-19,Open,CS.PA,24.96533949104823
2023-06-19,Volume,CS.PA,3813179.0
2023-06-20,Close,CS.PA,24.781633377075195
2023-06-20,High,CS.PA,24.9888921591892
2023-06-20,Low,CS.PA,24.69213383727187
2023-06-20,Open,CS.PA,24.734527883260064
2023-06-20,Volume,CS.PA,2911249.0
2023-06-21,Close,CS.PA,24.739238739013672
2023-06-21,High,CS.PA,24.875841972472003
2023-06-21,Low,CS.PA,24.65916029988986
2023-06-21,Open,CS.PA,24.79576353334819
2023-06-21,Volume,CS.PA,2928098.0
2023-06-22,Close,CS.PA,24.621479034423828
2023-06-22,High,CS.PA,24.819316723741228
2023-06-22,Low,CS.PA,24.400087699043095
2023-06-22,Open,CS.PA,24.541400590968514
2023-06-22,Volume,CS.PA,3353948.0
2023-06-23,Close,CS.PA,24.88055229187012
2023-06-23,High,CS.PA,24.9700500350456
2023-06-23,Low,CS.PA,24.32001039050415
2023-06-23,Open,CS.PA,24.54139992296789
2023-06-23,Volume,CS.PA,3919812.0
2023-06-26,Close,CS.PA,24.9888916015625
2023-06-26,High,CS.PA,25.068970040815845
2023-06-26,Low,CS.PA,24.44248046373613
2023-06-26,Open,CS.PA,25.01244344949908
2023-06-26,Volume,CS.PA,3946282.0
2023-06-27,Close,CS.PA,25.210283279418945
2023-06-27,High,CS.PA,25.266808074638817
2023-06-27,Low,CS.PA,24.96534010427837
2023-06-27,Open,CS.PA,25.14433738551395
2023-06-27,Volume,CS.PA,2812666.0
2023-06-28,Close,CS.PA,25.247966766357425
2023-06-28,High,CS.PA,25.474069548980648
2023-06-28,Low,CS.PA,25.247966766357425
2023-06-28,Open,CS.PA,25.32333376160153
2023-06-28,Volume,CS.PA,3127992.0
2023-06-29,Close,CS.PA,25.19144058227539
2023-06-29,High,CS.PA,25.44109340336024
2023-06-29,Low,CS.PA,25.19144058227539
2023-06-29,Open,CS.PA,25.3374649136615
2023-06-29,Volume,CS.PA,3576315.0
2023-06-30,Close,CS.PA,25.459936141967773
2023-06-30,High,CS.PA,25.66719671955594
2023-06-30,Low,CS.PA,25.346886551365905
2023-06-30,Open,CS.PA,25.38456914926958
2023-06-30,Volume,CS.PA,5832018.0
2023-07-03,Close,CS.PA,25.64364242553711
2023-07-03,High,CS.PA,25.855612648665968
2023-07-03,Low,CS.PA,25.540013936255846
2023-07-03,Open,CS.PA,25.540013936255846
2023-07-03,Volume,CS.PA,3673540.0
2023-07-04,Close,CS.PA,25.40812110900879
2023-07-04,High,CS.PA,25.770825324488023
2023-07-04,Low,CS.PA,25.342175214719997
2023-07-04,Open,CS.PA,25.69074868053473
2023-07-04,Volume,CS.PA,2769656.0
2023-07-05,Close,CS.PA,24.494295120239254
2023-07-05,High,CS.PA,25.247965020567232
2023-07-05,Low,CS.PA,24.494295120239254
2023-07-05,Open,CS.PA,25.19144022726533
2023-07-05,Volume,CS.PA,5643566.0
2023-07-06,Close,CS.PA,23.971437454223636
2023-07-06,High,CS.PA,24.560242665014705
2023-07-06,Low,CS.PA,23.83954566201152
2023-07-06,Open,CS.PA,24.44248162285649
2023-07-06,Volume,CS.PA,6617279.0
2023-07-07,Close,CS.PA,23.88193893432617
2023-07-07,High,CS.PA,24.159855056679504
2023-07-07,Low,CS.PA,23.825414139053365
2023-07-07,Open,CS.PA,24.13159176059768
2023-07-07,Volume,CS.PA,4173820.0
2023-07-10,Close,CS.PA,23.957305908203125
2023-07-10,High,CS.PA,24.12217064299073
2023-07-10,Low,CS.PA,23.750045330880592
2023-07-10,Open,CS.PA,23.79715082431337
2023-07-10,Volume,CS.PA,2274856.0
2023-07-11,Close,CS.PA,24.320009231567383
2023-07-11,High,CS.PA,24.381243675452684
2023-07-11,Low,CS.PA,23.966726129759746
2023-07-11,Open,CS.PA,24.013829824577783
2023-07-11,Volume,CS.PA,3048265.0
2023-07-12,Close,CS.PA,25.064258575439453
2023-07-12,High,CS.PA,25.2055714598502
2023-07-12,Low,CS.PA,24.41892859859952
2023-07-12,Open,CS.PA,24.41892859859952
2023-07-12,Volume,CS.PA,4448634.0
2023-07-13,Close,CS.PA,25.120784759521484
2023-07-13,High,CS.PA,25.2385457941034
2023-07-13,Low,CS.PA,24.80989390321008
2023-07-13,Open,CS.PA,25.059548518409468
2023-07-13,Volume,CS.PA,2956895.0
2023-07-14,Close,CS.PA,24.814605712890625
2023-07-14,High,CS.PA,25.17259847261072
2023-07-14,Low,CS.PA,24.767502017126944
2023-07-14,Open,CS.PA,25.050127785490652
2023-07-14,Volume,CS.PA,2975705.0
2023-07-17,Close,CS.PA,24.92765617370605
2023-07-17,High,CS.PA,25.06897085972337
2023-07-17,Low,CS.PA,24.76279143587369
2023-07-17,Open,CS.PA,24.82873733100664
2023-07-17,Volume,CS.PA,2296270.0
2023-07-18,Close,CS.PA,25.03599739074707
2023-07-18,High,CS.PA,25.05012814029816
2023-07-18,Low,CS.PA,24.776921669704866
2023-07-18,Open,CS.PA,24.90410380633717
2023-07-18,Volume,CS.PA,1968625.0
2023-07-19,Close,CS.PA,25.09252166748047
2023-07-19,High,CS.PA,25.384568532478497
2023-07-19,Low,CS.PA,24.92294548880717
2023-07-19,Open,CS.PA,25.26209784615377
2023-07-19,Volume,CS.PA,2472834.0
2023-07-20,Close,CS.PA,25.761404037475582
2023-07-20,High,CS.PA,25.850903576405592
2023-07-20,Low,CS.PA,25.14904699898096
2023-07-20,Open,CS.PA,25.19144104455548
2023-07-20,Volume,CS.PA,3765259.0
2023-07-21,Close,CS.PA,26.09584617614746
2023-07-21,High,CS.PA,26.13352877311066
2023-07-21,Low,CS.PA,25.84619155909173
2023-07-21,Open,CS.PA,25.86974340680508
2023-07-21,Volume,CS.PA,3322101.0
2023-07-24,Close,CS.PA,26.166501998901367
2023-07-24,High,CS.PA,26.237159339687253
2023-07-24,Low,CS.PA,25.94040102403368
2023-07-24,Open,CS.PA,25.9686643197262
2023-07-24,Volume,CS.PA,1966441.0
2023-07-25,Close,CS.PA,26.138240814208984
2023-07-25,High,CS.PA,26.288974799265517
2023-07-25,Low,CS.PA,26.02989907786444
2023-07-25,Open,CS.PA,26.20418670805986
2023-07-25,Volume,CS.PA,2169366.0
2023-07-26,Close,CS.PA,26.07700538635254
2023-07-26,High,CS.PA,26.213608626108275
2023-07-26,Low,CS.PA,25.761404859913103
2023-07-26,Open,CS.PA,26.17121457918032
2023-07-26,Volume,CS.PA,2815871.0
2023-07-27,Close,CS.PA,26.44441795349121
2023-07-27,High,CS.PA,26.5668904371754
2023-07-27,Low,CS.PA,26.204186230711933
2023-07-27,Open,CS.PA,26.2136073292177
2023-07-27,Volume,CS.PA,3887028.0
2023-07-28,Close,CS.PA,26.54804801940918
2023-07-28,High,CS.PA,26.811831587814044
2023-07-28,Low,CS.PA,26.444417733598247
2023-07-28,Open,CS.PA,26.449129181257355
2023-07-28,Volume,CS.PA,3176213.0
2023-07-31,Close,CS.PA,26.350210189819336
2023-07-31,High,CS.PA,26.64696851967601
2023-07-31,Low,CS.PA,26.34078909080426
2023-07-31,Open,CS.PA,26.519786378308865
2023-07-31,Volume,CS.PA,3293106.0
2023-08-01,Close,CS.PA,26.17121315002441
2023-08-01,High,CS.PA,26.48681186233876
2023-08-01,Low,CS.PA,26.091134711581905
2023-08-01,Open,CS.PA,26.43028706848515
2023-08-01,Volume,CS.PA,2503771.0
2023-08-02,Close,CS.PA,25.78024673461914
2023-08-02,High,CS.PA,26.025189914143876
2023-08-02,Low,CS.PA,25.610670549033493
2023-08-02,Open,CS.PA,25.92155962364356
2023-08-02,Volume,CS.PA,4467263.0
2023-08-03,Close,CS.PA,25.35630798339844
2023-08-03,High,CS.PA,25.954532485053505
2023-08-03,Low,CS.PA,25.21028364698631
2023-08-03,Open,CS.PA,25.954532485053505
2023-08-03,Volume,CS.PA,4992669.0
2023-08-04,Close,CS.PA,25.865034103393555
2023-08-04,High,CS.PA,25.945112542963376
2023-08-04,Low,CS.PA,25.318622963407737
2023-08-04,Open,CS.PA,25.43167434959724
2023-08-04,Volume,CS.PA,3332271.0
2023-08-07,Close,CS.PA,26.04403114318848
2023-08-07,High,CS.PA,26.08171374031104
2023-08-07,Low,CS.PA,25.747272829451006
2023-08-07,Open,CS.PA,25.789666874270644
2023-08-07,Volume,CS.PA,2167922.0
2023-08-08,Close,CS.PA,25.742563247680664
2023-08-08,High,CS.PA,26.081713810256492
2023-08-08,Low,CS.PA,25.58711781729485
2023-08-08,Open,CS.PA,25.88858578264706
2023-08-08,Volume,CS.PA,3201621.0
2023-08-09,Close,CS.PA,26.058162689208984
2023-08-09,High,CS.PA,26.32194806469522
2023-08-09,Low,CS.PA,26.058162689208984
2023-08-09,Open,CS.PA,26.152371880231986
2023-08-09,Volume,CS.PA,2811716.0
2023-08-10,Close,CS.PA,26.533918380737305
2023-08-10,High,CS.PA,26.8024134080386
2023-08-10,Low,CS.PA,26.194766010718464
2023-08-10,Open,CS.PA,26.25600225461428
2023-08-10,Volume,CS.PA,4407771.0
2023-08-11,Close,CS.PA,26.227739334106445
2023-08-11,High,CS.PA,26.49623436525644
2023-08-11,Low,CS.PA,26.10055719352631
2023-08-11,Open,CS.PA,26.425577021526067
2023-08-11,Volume,CS.PA,2493975.0
2023-08-14,Close,CS.PA,26.336078643798828
2023-08-14,High,CS.PA,26.44441858386152
2023-08-14,Low,CS.PA,26.161792809514573
2023-08-14,Open,CS.PA,26.161792809514573
2023-08-14,Volume,CS.PA,2116184.0
2023-08-15,Close,CS.PA,25.940401077270508
2023-08-15,High,CS.PA,26.392603027933923
2023-08-15,Low,CS.PA,25.7143001019388
2023-08-15,Open,CS.PA,26.392603027933923
2023-08-15,Volume,CS.PA,2361946.0
2023-08-16,Close,CS.PA,25.82263946533203
2023-08-16,High,CS.PA,26.03931933725552
2023-08-16,Low,CS.PA,25.751982125974436
2023-08-16,Open,CS.PA,25.90742755380484
2023-08-16,Volume,CS.PA,2048176.0
2023-08-17,Close,CS.PA,25.87445640563965
2023-08-17,High,CS.PA,26.04403259436702
2023-08-17,Low,CS.PA,25.64835541963345
2023-08-17,Open,CS.PA,25.714301315940563
2023-08-17,Volume,CS.PA,2377504.0
2023-08-18,Close,CS.PA,25.60124969482422
2023-08-18,High,CS.PA,25.709591434232152
2023-08-18,Low,CS.PA,25.38456980979014
2023-08-18,Open,CS.PA,25.709591434232152
2023-08-18,Volume,CS.PA,2918842.0
2023-08-21,Close,CS.PA,25.62009048461914
2023-08-21,High,CS.PA,25.912137348261467
2023-08-21,Low,CS.PA,25.544723494102065
2023-08-21,Open,CS.PA,25.587117538573597
2023-08-21,Volume,CS.PA,2223944.0
2023-08-22,Close,CS.PA,25.74727249145508
2023-08-22,High,CS.PA,26.07700374718032
2023-08-22,Low,CS.PA,25.62009035866574
2023-08-22,Open,CS.PA,25.64835365380474
2023-08-22,Volume,CS.PA,2461424.0
2023-08-23,Close,CS.PA,25.82263946533203
2023-08-23,High,CS.PA,26.081713381491923
2023-08-23,Low,CS.PA,25.751982125974436
2023-08-23,Open,CS.PA,25.751982125974436
2023-08-23,Volume,CS.PA,1712053.0
2023-08-24,Close,CS.PA,25.80850982666016
2023-08-24,High,CS.PA,26.1146874509716
2023-08-24,Low,CS.PA,25.72843138548335
2023-08-24,Open,CS.PA,26.01105895818337
2023-08-24,Volume,CS.PA,1707091.0
2023-08-25,Close,CS.PA,25.80850982666016
2023-08-25,High,CS.PA,26.0864259515252
2023-08-25,Low,CS.PA,25.75669468182061
2023-08-25,Open,CS.PA,25.76611578059969
2023-08-25,Volume,CS.PA,1730858.0
2023-08-28,Close,CS.PA,26.10526657104492
2023-08-28,High,CS.PA,26.208896861592795
2023-08-28,Low,CS.PA,25.91213853668172
2023-08-28,Open,CS.PA,25.97337478081372
2023-08-28,Volume,CS.PA,2168430.0
2023-08-29,Close,CS.PA,26.31252670288086
2023-08-29,High,CS.PA,26.373762945967314
2023-08-29,Low,CS.PA,25.987505086944992
2023-08-29,Open,CS.PA,26.138240869209543
2023-08-29,Volume,CS.PA,2683772.0
2023-08-30,Close,CS.PA,26.25600242614746
2023-08-30,High,CS.PA,26.637547048020465
2023-08-30,Low,CS.PA,26.24658132726418
2023-08-30,Open,CS.PA,26.37847311784834
2023-08-30,Volume,CS.PA,2412293.0
2023-08-31,Close,CS.PA,26.166501998901367
2023-08-31,High,CS.PA,26.48681216251996
2023-08-31,Low,CS.PA,26.166501998901367
2023-08-31,Open,CS.PA,26.39731442149655
2023-08-31,Volume,CS.PA,3663552.0
2023-09-01,Close,CS.PA,26.237159729003903
2023-09-01,High,CS.PA,26.51507585165296
2023-09-01,Low,CS.PA,26.152371637559053
2023-09-01,Open,CS.PA,26.157081288465616
2023-09-01,Volume,CS.PA,2256520.0
2023-09-04,Close,CS.PA,26.11939811706543
2023-09-04,High,CS.PA,26.4397082784042
2023-09-04,Low,CS.PA,26.020479278181902
2023-09-04,Open,CS.PA,26.307814696335363
2023-09-04,Volume,CS.PA,1834082.0
2023-09-05,Close,CS.PA,26.22302627563477
2023-09-05,High,CS.PA,26.373762052794504
2023-09-05,Low,CS.PA,25.756693585706053
2023-09-05,Open,CS.PA,25.90742756597501
2023-09-05,Volume,CS.PA,2352718.0
2023-09-06,Close,CS.PA,25.987504959106445
2023-09-06,High,CS.PA,26.01105860417903
2023-09-06,Low,CS.PA,25.6059603466459
2023-09-06,Open,CS.PA,25.97808565734641
2023-09-06,Volume,CS.PA,2938531.0
2023-09-07,Close,CS.PA,25.935691833496094
2023-09-07,High,CS.PA,26.16650246329682
2023-09-07,Low,CS.PA,25.78495784757579
2023-09-07,Open,CS.PA,25.86032484053594
2023-09-07,Volume,CS.PA,2533455.0
2023-09-08,Close,CS.PA,26.100557327270508
2023-09-08,High,CS.PA,26.100557327270508
2023-09-08,Low,CS.PA,25.643643908425467
2023-09-08,Open,CS.PA,26.03461143112605
2023-09-08,Volume,CS.PA,2081369.0
2023-09-11,Close,CS.PA,26.336078643798828
2023-09-11,High,CS.PA,26.53391812335437
2023-09-11,Low,CS.PA,26.24186945338623
2023-09-11,Open,CS.PA,26.33136899287908
2023-09-11,Volume,CS.PA,2377679.0
2023-09-12,Close,CS.PA,26.51507568359375
2023-09-12,High,CS.PA,26.533917880882257
2023-09-12,Low,CS.PA,26.359630251299823
2023-09-12,Open,CS.PA,26.505654584949497
2023-09-12,Volume,CS.PA,2032707.0
2023-09-13,Close,CS.PA,26.924882888793945
2023-09-13,High,CS.PA,26.976698031539183
2023-09-13,Low,CS.PA,26.496232794570744
2023-09-13,Open,CS.PA,26.56689013411258
2023-09-13,Volume,CS.PA,3912410.0
2023-09-14,Close,CS.PA,27.457164764404297
2023-09-14,High,CS.PA,27.54666250872788
2023-09-14,Low,CS.PA,26.915463256779816
2023-09-14,Open,CS.PA,27.10859129223977
2023-09-14,Volume,CS.PA,5481414.0
2023-09-15,Close,CS.PA,27.68797492980957
2023-09-15,High,CS.PA,27.89523550857301
2023-09-15,Low,CS.PA,27.55137349013195
2023-09-15,Open,CS.PA,27.603186837931958
2023-09-15,Volume,CS.PA,8634756.0
2023-09-18,Close,CS.PA,27.381797790527344
2023-09-18,High,CS.PA,27.68326576835999
2023-09-18,Low,CS.PA,27.22635235370626
2023-09-18,Open,CS.PA,27.5984776749832
2023-09-18,Volume,CS.PA,2973573.0
2023-09-19,Close,CS.PA,27.607898712158203
2023-09-19,High,CS.PA,27.669134956546912
2023-09-19,Low,CS.PA,27.362955531494254
2023-09-19,Open,CS.PA,27.419480327988744
2023-09-19,Volume,CS.PA,2576595.0
2023-09-20,Close,CS.PA,27.650291442871094
2023-09-20,High,CS.PA,27.80102542427686
2023-09-20,Low,CS.PA,27.49013636301612
2023-09-20,Open,CS.PA,27.68326438899793
2023-09-20,Volume,CS.PA,2786338.0
2023-09-21,Close,CS.PA,27.457164764404297
2023-09-21,High,CS.PA,27.527820310904737
2023-09-21,Low,CS.PA,27.19809083345424
2023-09-21,Open,CS.PA,27.41477071774768
2023-09-21,Volume,CS.PA,2721376.0
2023-09-22,Close,CS.PA,27.150983810424805
2023-09-22,High,CS.PA,27.297008139997324
2023-09-22,Low,CS.PA,26.99082873172587
2023-09-22,Open,CS.PA,27.080328267901937
2023-09-22,Volume,CS.PA,3168352.0
2023-09-25,Close,CS.PA,26.96256828308105
2023-09-25,High,CS.PA,27.254615156704208
2023-09-25,Low,CS.PA,26.79299209939959
2023-09-25,Open,CS.PA,26.971987584938155
2023-09-25,Volume,CS.PA,2672239.0
2023-09-26,Close,CS.PA,26.986120223999023
2023-09-26,High,CS.PA,27.122723460976275
2023-09-26,Low,CS.PA,26.830674789461284
2023-09-26,Open,CS.PA,26.91546288159262
2023-09-26,Volume,CS.PA,2778983.0
2023-09-27,Close,CS.PA,26.656389236450195
2023-09-27,High,CS.PA,26.91075351553702
2023-09-27,Low,CS.PA,26.53391854479221
2023-09-27,Open,CS.PA,26.91075351553702
2023-09-27,Volume,CS.PA,4002751.0
2023-09-28,Close,CS.PA,26.70820426940918
2023-09-28,High,CS.PA,26.727046467089817
2023-09-28,Low,CS.PA,26.397315195242125
2023-09-28,Open,CS.PA,26.637546926552226
2023-09-28,Volume,CS.PA,3062972.0
2023-09-29,Close,CS.PA,26.54804801940918
2023-09-29,High,CS.PA,26.7694393402268
2023-09-29,Low,CS.PA,26.39731403835189
2023-09-29,Open,CS.PA,26.599863162314648
2023-09-29,Volume,CS.PA,3769190.0
2023-10-02,Close,CS.PA,26.081714630126957
2023-10-02,High,CS.PA,26.670519829992774
2023-10-02,Low,CS.PA,25.86503474783014
2023-10-02,Open,CS.PA,26.59044318531864
2023-10-02,Volume,CS.PA,3896653.0
2023-10-03,Close,CS.PA,25.72372055053711
2023-10-03,High,CS.PA,26.14765919473795
2023-10-03,Low,CS.PA,25.709589801464315
2023-10-03,Open,CS.PA,25.84148158451914
2023-10-03,Volume,CS.PA,3459756.0
2023-10-04,Close,CS.PA,25.63422203063965
2023-10-04,High,CS.PA,25.747273418374807
2023-10-04,Low,CS.PA,25.379859552794525
2023-10-04,Open,CS.PA,25.5729875843035
2023-10-04,Volume,CS.PA,3464374.0
2023-10-05,Close,CS.PA,25.737852096557617
2023-10-05,High,CS.PA,25.860324581950003
2023-10-05,Low,CS.PA,25.53059331721236
2023-10-05,Open,CS.PA,25.76611539246913
2023-10-05,Volume,CS.PA,3272986.0
2023-10-06,Close,CS.PA,26.350210189819336
2023-10-06,High,CS.PA,26.350210189819336
2023-10-06,Low,CS.PA,25.813220124196423
2023-10-06,Open,CS.PA,25.907429317456263
2023-10-06,Volume,CS.PA,3924092.0
2023-10-09,Close,CS.PA,26.260711669921875
2023-10-09,High,CS.PA,26.359630511326078
2023-10-09,Low,CS.PA,26.00634739469035
2023-10-09,Open,CS.PA,26.18534467691522
2023-10-09,Volume,CS.PA,2215469.0
2023-10-10,Close,CS.PA,26.679941177368164
2023-10-10,High,CS.PA,26.807123317350914
2023-10-10,Low,CS.PA,26.41615759538102
2023-10-10,Open,CS.PA,26.41615759538102
2023-10-10,Volume,CS.PA,2998390.0
2023-10-11,Close,CS.PA,26.906042098999023
2023-10-11,High,CS.PA,26.981409093235797
2023-10-11,Low,CS.PA,26.59515302316099
2023-10-11,Open,CS.PA,26.628125970833896
2023-10-11,Volume,CS.PA,2942697.0
2023-10-12,Close,CS.PA,26.71762466430664
2023-10-12,High,CS.PA,27.028513730282544
2023-10-12,Low,CS.PA,26.6139943766844
2023-10-12,Open,CS.PA,27.019092631690445
2023-10-12,Volume,CS.PA,2313555.0
2023-10-13,Close,CS.PA,26.38789367675781
2023-10-13,High,CS.PA,26.844807080347262
2023-10-13,Low,CS.PA,26.21831749411056
2023-10-13,Open,CS.PA,26.689361647290333
2023-10-13,Volume,CS.PA,3212409.0
2023-10-16,Close,CS.PA,26.397314071655277
2023-10-16,High,CS.PA,26.68936093571088
2023-10-16,Low,CS.PA,26.35492002712375
2023-10-16,Open,CS.PA,26.552757703676992
2023-10-16,Volume,CS.PA,1972416.0
2023-10-17,Close,CS.PA,26.63754653930664
2023-10-17,High,CS.PA,26.661098387619617
2023-10-17,Low,CS.PA,26.383182264988477
2023-10-17,Open,CS.PA,26.402024462395197
2023-10-17,Volume,CS.PA,2271309.0
2023-10-18,Close,CS.PA,26.529207229614254
2023-10-18,High,CS.PA,26.807123358845818
2023-10-18,Low,CS.PA,26.416157636270743
2023-10-18,Open,CS.PA,26.76001966110117
2023-10-18,Volume,CS.PA,2151088.0
2023-10-19,Close,CS.PA,26.260711669921875
2023-10-19,High,CS.PA,26.33607866292853
2023-10-19,Low,CS.PA,25.987505197215977
2023-10-19,Open,CS.PA,26.32665756419134
2023-10-19,Volume,CS.PA,2712189.0
2023-10-20,Close,CS.PA,25.58711814880371
2023-10-20,High,CS.PA,26.025189353160208
2023-10-20,Low,CS.PA,25.55414520197179
2023-10-20,Open,CS.PA,25.99221640632829
2023-10-20,Volume,CS.PA,4409845.0
2023-10-23,Close,CS.PA,25.66719627380371
2023-10-23,High,CS.PA,25.723721068123
2023-10-23,Low,CS.PA,25.403410905495672
2023-10-23,Open,CS.PA,25.714299969587984
2023-10-23,Volume,CS.PA,2350982.0
2023-10-24,Close,CS.PA,25.751983642578125
2023-10-24,High,CS.PA,25.81793133507809
2023-10-24,Low,CS.PA,25.56827670569831
2023-10-24,Open,CS.PA,25.76140474150669
2023-10-24,Volume,CS.PA,2313079.0
2023-10-25,Close,CS.PA,25.99221611022949
2023-10-25,High,CS.PA,26.05816200314209
2023-10-25,Low,CS.PA,25.69545779523197
2023-10-25,Open,CS.PA,25.775536234405
2023-10-25,Volume,CS.PA,2998088.0
2023-10-26,Close,CS.PA,25.926271438598636
2023-10-26,High,CS.PA,25.982796235630545
2023-10-26,Low,CS.PA,25.51646171866731
2023-10-26,Open,CS.PA,25.794377849669644
2023-10-26,Volume,CS.PA,2482794.0
2023-10-27,Close,CS.PA,25.865034103393555
2023-10-27,High,CS.PA,26.25600160887098
2023-10-27,Low,CS.PA,25.850903353953928
2023-10-27,Open,CS.PA,26.1146869269114
2023-10-27,Volume,CS.PA,2276444.0
2023-10-30,Close,CS.PA,26.227739334106445
2023-10-30,High,CS.PA,26.37847332363308
2023-10-30,Low,CS.PA,25.930981006086125
2023-10-30,Open,CS.PA,25.97337505294617
2023-10-30,Volume,CS.PA,2314200.0
2023-10-31,Close,CS.PA,26.336078643798828
2023-10-31,High,CS.PA,26.434997485131174
2023-10-31,Low,CS.PA,26.26071165084692
2023-10-31,Open,CS.PA,26.37376303872021
2023-10-31,Volume,CS.PA,2711526.0
2023-11-01,Close,CS.PA,26.6469669342041
2023-11-01,High,CS.PA,26.70820317571313
2023-11-01,Low,CS.PA,26.303104926622453
2023-11-01,Open,CS.PA,26.40202376505879
2023-11-01,Volume,CS.PA,2568831.0
2023-11-02,Close,CS.PA,26.868358612060547
2023-11-02,High,CS.PA,27.06619629155749
2023-11-02,Low,CS.PA,26.708203529990765
2023-11-02,Open,CS.PA,26.774149423156413
2023-11-02,Volume,CS.PA,3544088.0
2023-11-03,Close,CS.PA,26.53862762451172
2023-11-03,High,CS.PA,26.96256808053061
2023-11-03,Low,CS.PA,25.68603706158076
2023-11-03,Open,CS.PA,26.934304784499076
2023-11-03,Volume,CS.PA,5804107.0
2023-11-06,Close,CS.PA,26.21831703186035
2023-11-06,High,CS.PA,26.63283638247968
2023-11-06,Low,CS.PA,26.109977094166027
2023-11-06,Open,CS.PA,26.595151988382096
2023-11-06,Volume,CS.PA,3152279.0
2023-11-07,Close,CS.PA,25.83677101135254
2023-11-07,High,CS.PA,26.16179262615347
2023-11-07,Low,CS.PA,25.747273269377803
2023-11-07,Open,CS.PA,26.020479739970423
2023-11-07,Volume,CS.PA,3280959.0
2023-11-08,Close,CS.PA,26.10997772216797
2023-11-08,High,CS.PA,26.194765814036053
2023-11-08,Low,CS.PA,25.474068830048203
2023-11-08,Open,CS.PA,25.6059606187804
2023-11-08,Volume,CS.PA,2652188.0
2023-11-09,Close,CS.PA,26.07700538635254
2023-11-09,High,CS.PA,26.152372381236585
2023-11-09,Low,CS.PA,25.794377807869196
2023-11-09,Open,CS.PA,26.119399433280496
2023-11-09,Volume,CS.PA,2601076.0
2023-11-10,Close,CS.PA,26.11939811706543
2023-11-10,High,CS.PA,26.39260278591861
2023-11-10,Low,CS.PA,25.96866413489316
2023-11-10,Open,CS.PA,26.08171372307696
2023-11-10,Volume,CS.PA,3383021.0
2023-11-13,Close,CS.PA,26.42557716369629
2023-11-13,High,CS.PA,26.515076705821727
2023-11-13,Low,CS.PA,26.147661032094323
2023-11-13,Open,CS.PA,26.16650323010925
2023-11-13,Volume,CS.PA,2954150.0
2023-11-14,Close,CS.PA,26.48681259155273
2023-11-14,High,CS.PA,26.66109842558596
2023-11-14,Low,CS.PA,26.32665750714925
2023-11-14,Open,CS.PA,26.519785538616027
2023-11-14,Volume,CS.PA,3295408.0
2023-11-15,Close,CS.PA,26.25600242614746
2023-11-15,High,CS.PA,26.59044335049494
2023-11-15,Low,CS.PA,26.25600242614746
2023-11-15,Open,CS.PA,26.53862820508234
2023-11-15,Volume,CS.PA,2823127.0
2023-11-16,Close,CS.PA,26.354921340942383
2023-11-16,High,CS.PA,26.477392032977185
2023-11-16,Low,CS.PA,26.27484289866161
2023-11-16,Open,CS.PA,26.312527294297475
2023-11-16,Volume,CS.PA,2445344.0
2023-11-17,Close,CS.PA,26.74117660522461
2023-11-17,High,CS.PA,26.7977014000827
2023-11-17,Low,CS.PA,26.36434164468595
2023-11-17,Open,CS.PA,26.449129735418506
2023-11-17,Volume,CS.PA,3709351.0
2023-11-20,Close,CS.PA,26.69407081604004
2023-11-20,High,CS.PA,26.8636469956244
2023-11-20,Low,CS.PA,26.595151976912767
2023-11-20,Open,CS.PA,26.802412550578453
2023-11-20,Volume,CS.PA,1623386.0
2023-11-21,Close,CS.PA,26.56689071655273
2023-11-21,High,CS.PA,26.609284761829105
2023-11-21,Low,CS.PA,26.43028748211877
2023-11-21,Open,CS.PA,26.60457331408127
2023-11-21,Volume,CS.PA,1952862.0
2023-11-22,Close,CS.PA,26.60457420349121
2023-11-22,High,CS.PA,26.840096285813438
2023-11-22,Low,CS.PA,26.538628307943533
2023-11-22,Open,CS.PA,26.63754715126505
2023-11-22,Volume,CS.PA,2072849.0
2023-11-23,Close,CS.PA,26.60457420349121
2023-11-23,High,CS.PA,26.70820449471807
2023-11-23,Low,CS.PA,26.49152461023544
2023-11-23,Open,CS.PA,26.68936229687848
2023-11-23,Volume,CS.PA,1692762.0
2023-11-24,Close,CS.PA,26.8071231842041
2023-11-24,High,CS.PA,27.0002512187244
2023-11-24,Low,CS.PA,26.609285498696373
2023-11-24,Open,CS.PA,26.6139951496838
2023-11-24,Volume,CS.PA,2276937.0
2023-11-27,Close,CS.PA,26.71762466430664
2023-11-27,High,CS.PA,26.844806799963717
2023-11-27,Low,CS.PA,26.55275813428118
2023-11-27,Open,CS.PA,26.7741494589684
2023-11-27,Volume,CS.PA,1680635.0
2023-11-28,Close,CS.PA,26.83067512512207
2023-11-28,High,CS.PA,26.962568712804664
2023-11-28,Low,CS.PA,26.66109893873794
2023-11-28,Open,CS.PA,26.67994113653415
2023-11-28,Volume,CS.PA,1774190.0
2023-11-29,Close,CS.PA,26.792991638183597
2023-11-29,High,CS.PA,26.957856371207654
2023-11-29,Low,CS.PA,26.581021412230637
2023-11-29,Open,CS.PA,26.712913198649886
2023-11-29,Volume,CS.PA,2388249.0
2023-11-30,Close,CS.PA,26.939014434814453
2023-11-30,High,CS.PA,27.01438142733944
2023-11-30,Low,CS.PA,26.727046003700394
2023-11-30,Open,CS.PA,26.87306854096645
2023-11-30,Volume,CS.PA,7814033.0
2023-12-01,Close,CS.PA,27.221641540527344
2023-12-01,High,CS.PA,27.47129436209461
2023-12-01,Low,CS.PA,27.202799343494505
2023-12-01,Open,CS.PA,27.231062639043763
2023-12-01,Volume,CS.PA,2544369.0
2023-12-04,Close,CS.PA,27.36295509338379
2023-12-04,High,CS.PA,27.40063769147981
2023-12-04,Low,CS.PA,27.11801191664165
2023-12-04,Open,CS.PA,27.202800008471268
2023-12-04,Volume,CS.PA,1894699.0
2023-12-05,Close,CS.PA,27.57492446899414
2023-12-05,High,CS.PA,27.603185967468217
2023-12-05,Low,CS.PA,27.30171800447273
2023-12-05,Open,CS.PA,27.41476938904144
2023-12-05,Volume,CS.PA,2838949.0
2023-12-06,Close,CS.PA,27.94705009460449
2023-12-06,High,CS.PA,28.055390032751102
2023-12-06,Low,CS.PA,27.61260738471012
2023-12-06,Open,CS.PA,27.702106922620096
2023-12-06,Volume,CS.PA,4552298.0
2023-12-07,Close,CS.PA,28.16373062133789
2023-12-07,High,CS.PA,28.20141321957225
2023-12-07,Low,CS.PA,27.83870900250088
2023-12-07,Open,CS.PA,27.862262647899573
2023-12-07,Volume,CS.PA,3055036.0
2023-12-08,Close,CS.PA,28.2579402923584
2023-12-08,High,CS.PA,28.290913240207743
2023-12-08,Low,CS.PA,27.984733813731395
2023-12-08,Open,CS.PA,28.093073756220797
2023-12-08,Volume,CS.PA,2983232.0
2023-12-11,Close,CS.PA,28.31917381286621
2023-12-11,High,CS.PA,28.352146759635897
2023-12-11,Low,CS.PA,28.14488798038489
2023-12-11,Open,CS.PA,28.21554532168612
2023-12-11,Volume,CS.PA,2917995.0
2023-12-12,Close,CS.PA,28.328594207763672
2023-12-12,High,CS.PA,28.43693414401425
2023-12-12,Low,CS.PA,28.16843912876482
2023-12-12,Open,CS.PA,28.37569969975792
2023-12-12,Volume,CS.PA,3087520.0
2023-12-13,Close,CS.PA,28.036548614501957
2023-12-13,High,CS.PA,28.41338358306565
2023-12-13,Low,CS.PA,27.994154568232855
2023-12-13,Open,CS.PA,28.26264959564017
2023-12-13,Volume,CS.PA,3424531.0
2023-12-14,Close,CS.PA,27.560792922973636
2023-12-14,High,CS.PA,28.21083436482766
2023-12-14,Low,CS.PA,27.424191482646822
2023-12-14,Open,CS.PA,28.03654852931356
2023-12-14,Volume,CS.PA,4872415.0
2023-12-15,Close,CS.PA,27.480716705322266
2023-12-15,High,CS.PA,27.85755167859334
2023-12-15,Low,CS.PA,27.480716705322266
2023-12-15,Open,CS.PA,27.69268693931565
2023-12-15,Volume,CS.PA,7115339.0
2023-12-18,Close,CS.PA,27.424190521240234
2023-12-18,High,CS.PA,27.69268553841913
2023-12-18,Low,CS.PA,27.372375378119607
2023-12-18,Open,CS.PA,27.494846064403166
2023-12-18,Volume,CS.PA,3051134.0
2023-12-19,Close,CS.PA,27.63145065307617
2023-12-19,High,CS.PA,27.692686897669034
2023-12-19,Low,CS.PA,27.28287718026784
2023-12-19,Open,CS.PA,27.44774371618848
2023-12-19,Volume,CS.PA,3158585.0
2023-12-20,Close,CS.PA,27.673843383789062
2023-12-20,High,CS.PA,27.83870811497872
2023-12-20,Low,CS.PA,27.622028240589227
2023-12-20,Open,CS.PA,27.810446616426663
2023-12-20,Volume,CS.PA,2198311.0
2023-12-21,Close,CS.PA,27.815156936645508
2023-12-21,High,CS.PA,27.90465647592313
2023-12-21,Low,CS.PA,27.68797479942798
2023-12-21,Open,CS.PA,27.758632141290224
2023-12-21,Volume,CS.PA,2996032.0
2023-12-22,Close,CS.PA,27.92349624633789
2023-12-22,High,CS.PA,28.10720317476525
2023-12-22,Low,CS.PA,27.862261801455976
2023-12-22,Open,CS.PA,27.932917344832987
2023-12-22,Volume,CS.PA,1866086.0
2023-12-27,Close,CS.PA,27.86697196960449
2023-12-27,High,CS.PA,27.980023356753623
2023-12-27,Low,CS.PA,27.777474227575777
2023-12-27,Open,CS.PA,27.932917863403635
2023-12-27,Volume,CS.PA,1582566.0
2023-12-28,Close,CS.PA,27.725658416748047
2023-12-28,High,CS.PA,28.03654747782012
2023-12-28,Low,CS.PA,27.702106569084712
2023-12-28,Open,CS.PA,27.984732334826308
2023-12-28,Volume,CS.PA,1516227.0
2023-12-29,Close,CS.PA,27.78218460083008
2023-12-29,High,CS.PA,27.89052454301574
2023-12-29,Low,CS.PA,27.735080903146187
2023-12-29,Open,CS.PA,27.79631535075707
2023-12-29,Volume,CS.PA,1522097.0
2024-01-02,Close,CS.PA,27.998863220214844
2024-01-02,High,CS.PA,28.234385291775205
2024-01-02,Low,CS.PA,27.904655829103344
2024-01-02,Open,CS.PA,27.942338426169783
2024-01-02,Volume,CS.PA,1974674.0
2024-01-03,Close,CS.PA,27.97060203552246
2024-01-03,High,CS.PA,28.356858093464734
2024-01-03,Low,CS.PA,27.83870845208281
2024-01-03,Open,CS.PA,28.24380670721515
2024-01-03,Volume,CS.PA,2614796.0
2024-01-04,Close,CS.PA,28.182573318481445
2024-01-04,High,CS.PA,28.26264996420573
2024-01-04,Low,CS.PA,27.96589163645212
2024-01-04,Open,CS.PA,27.96589163645212
2024-01-04,Volume,CS.PA,2269789.0
2024-01-05,Close,CS.PA,28.144887924194336
2024-01-05,High,CS.PA,28.18728196951227
2024-01-05,Low,CS.PA,27.76334151633293
2024-01-05,Open,CS.PA,28.08365168164825
2024-01-05,Volume,CS.PA,2332092.0
2024-01-08,Close,CS.PA,28.17786026000977
2024-01-08,High,CS.PA,28.22967540281844
2024-01-08,Low,CS.PA,27.94233819043637
2024-01-08,Open,CS.PA,28.144887314020757
2024-01-08,Volume,CS.PA,1290406.0
2024-01-09,Close,CS.PA,27.91878700256348
2024-01-09,High,CS.PA,28.173151274967022
2024-01-09,Low,CS.PA,27.78689521549089
2024-01-09,Open,CS.PA,28.173151274967022
2024-01-09,Volume,CS.PA,2210701.0
2024-01-10,Close,CS.PA,27.82457733154297
2024-01-10,High,CS.PA,27.975311313271543
2024-01-10,Low,CS.PA,27.74450068988939
2024-01-10,Open,CS.PA,27.83870808080165
2024-01-10,Volume,CS.PA,1829152.0
2024-01-11,Close,CS.PA,27.537240982055664
2024-01-11,High,CS.PA,28.03183698743929
2024-01-11,Low,CS.PA,27.485425837292368
2024-01-11,Open,CS.PA,28.02241768556493
2024-01-11,Volume,CS.PA,2679652.0
2024-01-12,Close,CS.PA,27.716238021850582
2024-01-12,High,CS.PA,27.899944953934902
2024-01-12,Low,CS.PA,27.65029212796297
2024-01-12,Open,CS.PA,27.763341718372928
2024-01-12,Volume,CS.PA,1857604.0
2024-01-15,Close,CS.PA,27.716238021850582
2024-01-15,High,CS.PA,27.768053166159667
2024-01-15,Low,CS.PA,27.58905588497125
2024-01-15,Open,CS.PA,27.59376733275799
2024-01-15,Volume,CS.PA,1671589.0
2024-01-16,Close,CS.PA,27.895235061645508
2024-01-16,High,CS.PA,27.895235061645508
2024-01-16,Low,CS.PA,27.43361201153604
2024-01-16,Open,CS.PA,27.579634547626192
2024-01-16,Volume,CS.PA,2651318.0
2024-01-17,Close,CS.PA,27.815156936645508
2024-01-17,High,CS.PA,27.833999134060885
2024-01-17,Low,CS.PA,27.466585268915264
2024-01-17,Open,CS.PA,27.650292201488075
2024-01-17,Volume,CS.PA,2720352.0
2024-01-18,Close,CS.PA,28.22967529296875
2024-01-18,High,CS.PA,28.314463381436504
2024-01-18,Low,CS.PA,27.636158673694496
2024-01-18,Open,CS.PA,27.735079308167396
2024-01-18,Volume,CS.PA,3047513.0
2024-01-19,Close,CS.PA,28.79492950439453
2024-01-19,High,CS.PA,28.86558504903428
2024-01-19,Low,CS.PA,28.356858299442926
2024-01-19,Open,CS.PA,28.356858299442926
2024-01-19,Volume,CS.PA,4361481.0
2024-01-22,Close,CS.PA,28.936243057250977
2024-01-22,High,CS.PA,29.091686696552483
2024-01-22,Low,CS.PA,28.785509068944297
2024-01-22,Open,CS.PA,29.01631970239914
2024-01-22,Volume,CS.PA,2418491.0
2024-01-23,Close,CS.PA,28.84203338623047
2024-01-23,High,CS.PA,28.99747881984069
2024-01-23,Low,CS.PA,28.67245720297963
2024-01-23,Open,CS.PA,28.97863662239263
2024-01-23,Volume,CS.PA,2604322.0
2024-01-24,Close,CS.PA,29.148212432861328
2024-01-24,High,CS.PA,29.19060647813185
2024-01-24,Low,CS.PA,28.67245683628202
2024-01-24,Open,CS.PA,28.747823828219527
2024-01-24,Volume,CS.PA,3827707.0
2024-01-25,Close,CS.PA,28.969215393066406
2024-01-25,High,CS.PA,29.1435012264481
2024-01-25,Low,CS.PA,28.88442730182324
2024-01-25,Open,CS.PA,29.11994937818963
2024-01-25,Volume,CS.PA,2595619.0
2024-01-26,Close,CS.PA,29.129369735717773
2024-01-26,High,CS.PA,29.355470707649808
2024-01-26,Low,CS.PA,29.03045089741453
2024-01-26,Open,CS.PA,29.03045089741453
2024-01-26,Volume,CS.PA,2924888.0
2024-01-29,Close,CS.PA,29.23300170898437
2024-01-29,High,CS.PA,29.317789802964118
2024-01-29,Low,CS.PA,29.05400442203927
2024-01-29,Open,CS.PA,29.157634713990262
2024-01-29,Volume,CS.PA,1808014.0
2024-01-30,Close,CS.PA,29.331918716430664
2024-01-30,High,CS.PA,29.430837554249763
2024-01-30,Low,CS.PA,29.11994849475346
2024-01-30,Open,CS.PA,29.20473658342434
2024-01-30,Volume,CS.PA,2159277.0
2024-01-31,Close,CS.PA,29.355470657348636
2024-01-31,High,CS.PA,29.68991156545269
2024-01-31,Low,CS.PA,29.261261469982347
2024-01-31,Open,CS.PA,29.57686197812578
2024-01-31,Volume,CS.PA,3899040.0
2024-02-01,Close,CS.PA,28.73369407653809
2024-02-01,High,CS.PA,29.36960298078708
2024-02-01,Low,CS.PA,28.63006378519139
2024-02-01,Open,CS.PA,29.21415934065792
2024-02-01,Volume,CS.PA,4195790.0
2024-02-02,Close,CS.PA,28.76666641235352
2024-02-02,High,CS.PA,28.898558200795463
2024-02-02,Low,CS.PA,28.55940763096034
2024-02-02,Open,CS.PA,28.87500635241524
2024-02-02,Volume,CS.PA,2428875.0
2024-02-05,Close,CS.PA,28.64890480041504
2024-02-05,High,CS.PA,28.82319063121099
2024-02-05,Low,CS.PA,28.42280382608469
2024-02-05,Open,CS.PA,28.72427179185849
2024-02-05,Volume,CS.PA,2351259.0
2024-02-06,Close,CS.PA,28.86558532714844
2024-02-06,High,CS.PA,28.983346366240124
2024-02-06,Low,CS.PA,28.653616894296093
2024-02-06,Open,CS.PA,28.653616894296093
2024-02-06,Volume,CS.PA,2935953.0
2024-02-07,Close,CS.PA,28.67716789245605
2024-02-07,High,CS.PA,28.86087482048962
2024-02-07,Low,CS.PA,28.6536160447142
2024-02-07,Open,CS.PA,28.827901874272865
2024-02-07,Volume,CS.PA,1912016.0
2024-02-08,Close,CS.PA,28.33330726623535
2024-02-08,High,CS.PA,28.66303674448715
2024-02-08,Low,CS.PA,28.328595818322675
2024-02-08,Open,CS.PA,28.592381197815005
2024-02-08,Volume,CS.PA,3259398.0
2024-02-09,Close,CS.PA,28.25322723388672
2024-02-09,High,CS.PA,28.4086726622219
2024-02-09,Low,CS.PA,28.11662400236019
2024-02-09,Open,CS.PA,28.333305671878087
2024-02-09,Volume,CS.PA,2483677.0
2024-02-12,Close,CS.PA,28.856164932250977
2024-02-12,High,CS.PA,28.88913967714055
2024-02-12,Low,CS.PA,28.328595967381265
2024-02-12,Open,CS.PA,28.35685926433337
2024-02-12,Volume,CS.PA,3599411.0
2024-02-13,Close,CS.PA,28.860876083374023
2024-02-13,High,CS.PA,29.105819263767188
2024-02-13,Low,CS.PA,28.705430647072436
2024-02-13,Open,CS.PA,28.842033885599733
2024-02-13,Volume,CS.PA,2696279.0
2024-02-14,Close,CS.PA,28.860876083374023
2024-02-14,High,CS.PA,28.964506374241758
2024-02-14,Low,CS.PA,28.72898429273574
2024-02-14,Open,CS.PA,28.738403594732
2024-02-14,Volume,CS.PA,2778309.0
2024-02-15,Close,CS.PA,28.997478485107425
2024-02-15,High,CS.PA,29.063424378523536
2024-02-15,Low,CS.PA,28.77608715987548
2024-02-15,Open,CS.PA,28.95979409064632
2024-02-15,Volume,CS.PA,2743874.0
2024-02-16,Close,CS.PA,29.185895919799805
2024-02-16,High,CS.PA,29.26597436192482
2024-02-16,Low,CS.PA,28.99747933265962
2024-02-16,Open,CS.PA,29.054004129112588
2024-02-16,Volume,CS.PA,3807121.0
2024-02-19,Close,CS.PA,29.21415901184082
2024-02-19,High,CS.PA,29.322498952988006
2024-02-19,Low,CS.PA,29.00218878051333
2024-02-19,Open,CS.PA,29.185895715366865
2024-02-19,Volume,CS.PA,1348817.0
2024-02-20,Close,CS.PA,29.360183715820312
2024-02-20,High,CS.PA,29.379024116814595
2024-02-20,Low,CS.PA,29.13408093498004
2024-02-20,Open,CS.PA,29.167053882833645
2024-02-20,Volume,CS.PA,2351697.0
2024-02-21,Close,CS.PA,29.36960220336914
2024-02-21,High,CS.PA,29.652229773135968
2024-02-21,Low,CS.PA,29.298946658595565
2024-02-21,Open,CS.PA,29.355471453792592
2024-02-21,Volume,CS.PA,3000300.0
2024-02-22,Close,CS.PA,30.203351974487305
2024-02-22,High,CS.PA,30.53308143960266
2024-02-22,Low,CS.PA,29.864199613922
2024-02-22,Open,CS.PA,29.864199613922
2024-02-22,Volume,CS.PA,4691033.0
2024-02-23,Close,CS.PA,30.42945098876953
2024-02-23,High,CS.PA,30.561342774106688
2024-02-23,Low,CS.PA,29.99137979102447
2024-02-23,Open,CS.PA,30.29755920343237
2024-02-23,Volume,CS.PA,3300491.0
2024-02-26,Close,CS.PA,30.50010871887207
2024-02-26,High,CS.PA,30.62258120415652
2024-02-26,Low,CS.PA,30.25987519606301
2024-02-26,Open,CS.PA,30.25987519606301
2024-02-26,Volume,CS.PA,3367574.0
2024-02-27,Close,CS.PA,30.50952911376953
2024-02-27,High,CS.PA,30.76389339519037
2024-02-27,Low,CS.PA,30.415321717887053
2024-02-27,Open,CS.PA,30.43887536374857
2024-02-27,Volume,CS.PA,2649345.0
2024-02-28,Close,CS.PA,30.81570816040039
2024-02-28,High,CS.PA,30.933469200689707
2024-02-28,Low,CS.PA,30.514240184762283
2024-02-28,Open,CS.PA,30.627289777181137
2024-02-28,Volume,CS.PA,3033632.0
2024-02-29,Close,CS.PA,30.97586441040039
2024-02-29,High,CS.PA,31.19725573662119
2024-02-29,Low,CS.PA,30.82041897789025
2024-02-29,Open,CS.PA,30.92876071400444
2024-02-29,Volume,CS.PA,7391965.0
2024-03-01,Close,CS.PA,30.485979080200195
2024-03-01,High,CS.PA,31.08891503929044
2024-03-01,Low,CS.PA,30.45300613224313
2024-03-01,Open,CS.PA,31.08891503929044
2024-03-01,Volume,CS.PA,3005763.0
2024-03-04,Close,CS.PA,30.730918884277344
2024-03-04,High,CS.PA,30.768603278226426
2024-03-04,Low,CS.PA,30.3964779739879
2024-03-04,Open,CS.PA,30.424739472558905
2024-03-04,Volume,CS.PA,2263805.0
2024-03-05,Close,CS.PA,30.829837799072266
2024-03-05,High,CS.PA,30.85339144379392
2024-03-05,Low,CS.PA,30.575477123742857
2024-03-05,Open,CS.PA,30.72149965842856
2024-03-05,Volume,CS.PA,1748053.0
2024-03-06,Close,CS.PA,30.834548950195312
2024-03-06,High,CS.PA,31.013544429500712
2024-03-06,Low,CS.PA,30.78744525498669
2024-03-06,Open,CS.PA,30.829837502539977
2024-03-06,Volume,CS.PA,2148270.0
2024-03-07,Close,CS.PA,31.183120727539062
2024-03-07,High,CS.PA,31.24906661984178
2024-03-07,Low,CS.PA,30.67439578602976
2024-03-07,Open,CS.PA,30.68381508759517
2024-03-07,Volume,CS.PA,3051206.0
2024-03-08,Close,CS.PA,31.578800201416016
2024-03-08,High,CS.PA,31.64474609481776
2024-03-08,Low,CS.PA,31.10775605209976
2024-03-08,Open,CS.PA,31.10775605209976
2024-03-08,Volume,CS.PA,3097165.0
2024-03-11,Close,CS.PA,31.352697372436523
2024-03-11,High,CS.PA,31.395093214565662
2024-03-11,Low,CS.PA,30.985283511631664
2024-03-11,Open,CS.PA,31.15485969258493
2024-03-11,Volume,CS.PA,4019719.0
2024-03-12,Close,CS.PA,31.993318557739254
2024-03-12,High,CS.PA,32.01687220330573
2024-03-12,Low,CS.PA,31.27262156629885
2024-03-12,Open,CS.PA,31.286752316126037
2024-03-12,Volume,CS.PA,4219267.0
2024-03-13,Close,CS.PA,31.861425399780277
2024-03-13,High,CS.PA,32.20528920386671
2024-03-13,Low,CS.PA,31.85200609822712
2024-03-13,Open,CS.PA,31.95092493655241
2024-03-13,Volume,CS.PA,3546406.0
2024-03-14,Close,CS.PA,32.03571319580078
2024-03-14,High,CS.PA,32.059263246699544
2024-03-14,Low,CS.PA,31.724822336171616
2024-03-14,Open,CS.PA,31.74837598085199
2024-03-14,Volume,CS.PA,4075229.0
2024-03-15,Close,CS.PA,32.337181091308594
2024-03-15,High,CS.PA,32.53501876858938
2024-03-15,Low,CS.PA,32.040420981605806
2024-03-15,Open,CS.PA,32.040420981605806
2024-03-15,Volume,CS.PA,8796493.0
2024-03-18,Close,CS.PA,32.25239562988281
2024-03-18,High,CS.PA,32.52089066915009
2024-03-18,Low,CS.PA,32.11108093814976
2024-03-18,Open,CS.PA,32.19115758636694
2024-03-18,Volume,CS.PA,2264422.0
2024-03-19,Close,CS.PA,32.61509704589844
2024-03-19,High,CS.PA,32.77054248317805
2024-03-19,Low,CS.PA,32.247683171442475
2024-03-19,Open,CS.PA,32.247683171442475
2024-03-19,Volume,CS.PA,3164889.0
2024-03-20,Close,CS.PA,32.59154510498047
2024-03-20,High,CS.PA,32.66219885075656
2024-03-20,Low,CS.PA,32.42667678141872
2024-03-20,Open,CS.PA,32.506757016267585
2024-03-20,Volume,CS.PA,2352650.0
2024-03-21,Close,CS.PA,32.64336013793945
2024-03-21,High,CS.PA,32.98722034549842
2024-03-21,Low,CS.PA,32.50675690692919
2024-03-21,Open,CS.PA,32.83177491775072
2024-03-21,Volume,CS.PA,3075668.0
2024-03-22,Close,CS.PA,32.48320388793945
2024-03-22,High,CS.PA,32.87417139175984
2024-03-22,Low,CS.PA,32.48320388793945
2024-03-22,Open,CS.PA,32.60567637219991
2024-03-22,Volume,CS.PA,2707944.0
2024-03-25,Close,CS.PA,32.57270431518555
2024-03-25,High,CS.PA,32.69046535494125
2024-03-25,Low,CS.PA,32.29478639259557
2024-03-25,Open,CS.PA,32.29478639259557
2024-03-25,Volume,CS.PA,2823619.0
2024-03-26,Close,CS.PA,32.59625244140625
2024-03-26,High,CS.PA,32.79409370778347
2024-03-26,Low,CS.PA,31.83316324888526
2024-03-26,Open,CS.PA,32.59625244140625
2024-03-26,Volume,CS.PA,5009514.0
2024-03-27,Close,CS.PA,32.6810417175293
2024-03-27,High,CS.PA,32.921275239437605
2024-03-27,Low,CS.PA,32.53973062929862
2024-03-27,Open,CS.PA,32.62922657371022
2024-03-27,Volume,CS.PA,2723386.0
2024-03-28,Close,CS.PA,32.79880142211914
2024-03-28,High,CS.PA,32.86474731270398
2024-03-28,Low,CS.PA,32.671621088500224
2024-03-28,Open,CS.PA,32.690463284921826
2024-03-28,Volume,CS.PA,3490177.0
2024-04-02,Close,CS.PA,32.74698638916016
2024-04-02,High,CS.PA,33.02961574264128
2024-04-02,Low,CS.PA,32.56799091323276
2024-04-02,Open,CS.PA,32.690463393489146
2024-04-02,Volume,CS.PA,4764847.0
2024-04-03,Close,CS.PA,32.850616455078125
2024-04-03,High,CS.PA,33.11440361032572
2024-04-03,Low,CS.PA,32.74698617199316
2024-04-03,Open,CS.PA,32.81293565614118
2024-04-03,Volume,CS.PA,3586455.0
2024-04-04,Close,CS.PA,32.8317756652832
2024-04-04,High,CS.PA,33.15208582954955
2024-04-04,Low,CS.PA,32.8317756652832
2024-04-04,Open,CS.PA,32.973090347140754
2024-04-04,Volume,CS.PA,3092491.0
2024-04-05,Close,CS.PA,32.16289520263672
2024-04-05,High,CS.PA,32.47378607840248
2024-04-05,Low,CS.PA,31.95563461879288
2024-04-05,Open,CS.PA,32.36073289060667
2024-04-05,Volume,CS.PA,4962347.0
2024-04-08,Close,CS.PA,32.34189224243164
2024-04-08,High,CS.PA,32.502045524348055
2024-04-08,Low,CS.PA,32.08752797663948
2024-04-08,Open,CS.PA,32.144050973183354
2024-04-08,Volume,CS.PA,3051717.0
2024-04-09,Close,CS.PA,31.899110794067383
2024-04-09,High,CS.PA,32.33247055473664
2024-04-09,Low,CS.PA,31.833164899782137
2024-04-09,Open,CS.PA,32.22884026549362
2024-04-09,Volume,CS.PA,3492467.0
2024-04-10,Close,CS.PA,31.88968849182129
2024-04-10,High,CS.PA,32.115791271993395
2024-04-10,Low,CS.PA,31.484590222941684
2024-04-10,Open,CS.PA,32.03100317865158
2024-04-10,Volume,CS.PA,3580133.0
2024-04-11,Close,CS.PA,31.512853622436523
2024-04-11,High,CS.PA,31.99331706302246
2024-04-11,Low,CS.PA,31.192543464118703
2024-04-11,Open,CS.PA,31.80489868863876
2024-04-11,Volume,CS.PA,3681333.0
2024-04-12,Close,CS.PA,31.710691452026367
2024-04-12,High,CS.PA,31.92737132579423
2024-04-12,Low,CS.PA,31.52227307672948
2024-04-12,Open,CS.PA,31.663587756647544
2024-04-12,Volume,CS.PA,3446386.0
2024-04-15,Close,CS.PA,31.861425399780277
2024-04-15,High,CS.PA,32.16289336242353
2024-04-15,Low,CS.PA,31.84258320289237
2024-04-15,Open,CS.PA,31.87084829511502
2024-04-15,Volume,CS.PA,3168663.0
2024-04-16,Close,CS.PA,31.29617500305176
2024-04-16,High,CS.PA,31.531697082018056
2024-04-16,Low,CS.PA,31.192544713301512
2024-04-16,Open,CS.PA,31.4092245946967
2024-04-16,Volume,CS.PA,3909139.0
2024-04-17,Close,CS.PA,31.522274017333984
2024-04-17,High,CS.PA,31.85200708238796
2024-04-17,Low,CS.PA,31.29617483525634
2024-04-17,Open,CS.PA,31.33385563641481
2024-04-17,Volume,CS.PA,4741990.0
2024-04-18,Close,CS.PA,31.861425399780277
2024-04-18,High,CS.PA,32.04984377487771
2024-04-18,Low,CS.PA,31.59764183091282
2024-04-18,Open,CS.PA,31.635326224688622
2024-04-18,Volume,CS.PA,4035473.0
2024-04-19,Close,CS.PA,31.93679428100586
2024-04-19,High,CS.PA,32.05926317046406
2024-04-19,Low,CS.PA,31.465750138771448
2024-04-19,Open,CS.PA,31.6730071175831
2024-04-19,Volume,CS.PA,4710545.0
2024-04-22,Close,CS.PA,32.34189224243164
2024-04-22,High,CS.PA,32.59625291444224
2024-04-22,Low,CS.PA,32.26652345533105
2024-04-22,Open,CS.PA,32.398415238975524
2024-04-22,Volume,CS.PA,3049537.0
2024-04-23,Close,CS.PA,32.89772033691406
2024-04-23,High,CS.PA,32.95424692631446
2024-04-23,Low,CS.PA,32.47378349464637
2024-04-23,Open,CS.PA,32.47378349464637
2024-04-23,Volume,CS.PA,4815277.0
2024-04-24,Close,CS.PA,32.26652526855469
2024-04-24,High,CS.PA,32.8977227239754
2024-04-24,Low,CS.PA,31.97447659280049
2024-04-24,Open,CS.PA,32.76583093291924
2024-04-24,Volume,CS.PA,5263019.0
2024-04-25,Close,CS.PA,31.84258460998535
2024-04-25,High,CS.PA,32.332470969373645
2024-04-25,Low,CS.PA,31.71069281972345
2024-04-25,Open,CS.PA,32.27594437621208
2024-04-25,Volume,CS.PA,4264207.0
2024-04-26,Close,CS.PA,31.88968849182129
2024-04-26,High,CS.PA,32.228840865188566
2024-04-26,Low,CS.PA,31.87084988777357
2024-04-26,Open,CS.PA,32.144052771846745
2024-04-26,Volume,CS.PA,3333045.0
2024-04-29,Close,CS.PA,32.209999084472656
2024-04-29,High,CS.PA,32.351313773132944
2024-04-29,Low,CS.PA,32.05926509366653
2024-04-29,Open,CS.PA,32.08753018766768
2024-04-29,Volume,CS.PA,4057494.0
2024-04-30,Close,CS.PA,32.439998626708984
2024-04-30,High,CS.PA,32.779998779296875
2024-04-30,Low,CS.PA,32.29999923706055
2024-04-30,Open,CS.PA,32.5
2024-04-30,Volume,CS.PA,7064669.0
2024-05-02,Close,CS.PA,31.8700008392334
2024-05-02,High,CS.PA,32.56999969482422
2024-05-02,Low,CS.PA,31.84000015258789
2024-05-02,Open,CS.PA,32.40999984741211
2024-05-02,Volume,CS.PA,5025128.0
2024-05-03,Close,CS.PA,31.43000030517578
2024-05-03,High,CS.PA,32.0
2024-05-03,Low,CS.PA,30.5
2024-05-03,Open,CS.PA,32.0
2024-05-03,Volume,CS.PA,5611738.0
2024-05-06,Close,CS.PA,32.209999084472656
2024-05-06,High,CS.PA,32.31999969482422
2024-05-06,Low,CS.PA,31.46999931335449
2024-05-06,Open,CS.PA,31.57999992370605
2024-05-06,Volume,CS.PA,4111913.0
2024-05-07,Close,CS.PA,32.63999938964844
2024-05-07,High,CS.PA,32.72999954223633
2024-05-07,Low,CS.PA,32.34000015258789
2024-05-07,Open,CS.PA,32.36000061035156
2024-05-07,Volume,CS.PA,3325078.0
2024-05-08,Close,CS.PA,33.279998779296875
2024-05-08,High,CS.PA,33.47999954223633
2024-05-08,Low,CS.PA,32.79999923706055
2024-05-08,Open,CS.PA,32.79999923706055
2024-05-08,Volume,CS.PA,4263235.0
2024-05-09,Close,CS.PA,33.45000076293945
2024-05-09,High,CS.PA,33.54999923706055
2024-05-09,Low,CS.PA,33.15999984741211
2024-05-09,Open,CS.PA,33.279998779296875
2024-05-09,Volume,CS.PA,2683065.0
2024-05-10,Close,CS.PA,33.720001220703125
2024-05-10,High,CS.PA,33.93000030517578
2024-05-10,Low,CS.PA,33.61000061035156
2024-05-10,Open,CS.PA,33.61000061035156
2024-05-10,Volume,CS.PA,3726774.0
2024-05-13,Close,CS.PA,33.689998626708984
2024-05-13,High,CS.PA,33.86000061035156
2024-05-13,Low,CS.PA,33.58000183105469
2024-05-13,Open,CS.PA,33.720001220703125
2024-05-13,Volume,CS.PA,2162319.0
2024-05-14,Close,CS.PA,33.41999816894531
2024-05-14,High,CS.PA,33.56999969482422
2024-05-14,Low,CS.PA,33.02000045776367
2024-05-14,Open,CS.PA,33.560001373291016
2024-05-14,Volume,CS.PA,2908782.0
2024-05-15,Close,CS.PA,33.369998931884766
2024-05-15,High,CS.PA,33.81999969482422
2024-05-15,Low,CS.PA,33.349998474121094
2024-05-15,Open,CS.PA,33.7400016784668
2024-05-15,Volume,CS.PA,3194335.0
2024-05-16,Close,CS.PA,33.54999923706055
2024-05-16,High,CS.PA,33.72999954223633
2024-05-16,Low,CS.PA,33.349998474121094
2024-05-16,Open,CS.PA,33.349998474121094
2024-05-16,Volume,CS.PA,3005835.0
2024-05-17,Close,CS.PA,33.689998626708984
2024-05-17,High,CS.PA,33.779998779296875
2024-05-17,Low,CS.PA,33.4900016784668
2024-05-17,Open,CS.PA,33.5
2024-05-17,Volume,CS.PA,5497929.0
2024-05-20,Close,CS.PA,33.75
2024-05-20,High,CS.PA,33.93000030517578
2024-05-20,Low,CS.PA,33.720001220703125
2024-05-20,Open,CS.PA,33.72999954223633
2024-05-20,Volume,CS.PA,1772812.0
2024-05-21,Close,CS.PA,33.90999984741211
2024-05-21,High,CS.PA,33.90999984741211
2024-05-21,Low,CS.PA,33.459999084472656
2024-05-21,Open,CS.PA,33.68000030517578
2024-05-21,Volume,CS.PA,2446288.0
2024-05-22,Close,CS.PA,33.560001373291016
2024-05-22,High,CS.PA,34.11000061035156
2024-05-22,Low,CS.PA,33.560001373291016
2024-05-22,Open,CS.PA,33.900001525878906
2024-05-22,Volume,CS.PA,3911332.0
2024-05-23,Close,CS.PA,33.380001068115234
2024-05-23,High,CS.PA,33.689998626708984
2024-05-23,Low,CS.PA,33.33000183105469
2024-05-23,Open,CS.PA,33.540000915527344
2024-05-23,Volume,CS.PA,2470604.0
2024-05-24,Close,CS.PA,33.599998474121094
2024-05-24,High,CS.PA,33.68000030517578
2024-05-24,Low,CS.PA,32.959999084472656
2024-05-24,Open,CS.PA,33.099998474121094
2024-05-24,Volume,CS.PA,2627576.0
2024-05-27,Close,CS.PA,33.689998626708984
2024-05-27,High,CS.PA,33.709999084472656
2024-05-27,Low,CS.PA,33.5099983215332
2024-05-27,Open,CS.PA,33.63999938964844
2024-05-27,Volume,CS.PA,1712511.0
2024-05-28,Close,CS.PA,33.369998931884766
2024-05-28,High,CS.PA,34.029998779296875
2024-05-28,Low,CS.PA,33.279998779296875
2024-05-28,Open,CS.PA,33.83000183105469
2024-05-28,Volume,CS.PA,2796438.0
2024-05-29,Close,CS.PA,33.040000915527344
2024-05-29,High,CS.PA,33.34000015258789
2024-05-29,Low,CS.PA,32.95000076293945
2024-05-29,Open,CS.PA,33.220001220703125
2024-05-29,Volume,CS.PA,3334056.0
2024-05-30,Close,CS.PA,33.08000183105469
2024-05-30,High,CS.PA,33.2400016784668
2024-05-30,Low,CS.PA,32.880001068115234
2024-05-30,Open,CS.PA,32.88999938964844
2024-05-30,Volume,CS.PA,2869972.0
2024-05-31,Close,CS.PA,33.04999923706055
2024-05-31,High,CS.PA,33.459999084472656
2024-05-31,Low,CS.PA,33.04999923706055
2024-05-31,Open,CS.PA,33.279998779296875
2024-05-31,Volume,CS.PA,8922704.0
2024-06-03,Close,CS.PA,33.13999938964844
2024-06-03,High,CS.PA,33.54999923706055
2024-06-03,Low,CS.PA,33.13999938964844
2024-06-03,Open,CS.PA,33.369998931884766
2024-06-03,Volume,CS.PA,3467483.0
2024-06-04,Close,CS.PA,32.7599983215332
2024-06-04,High,CS.PA,33.099998474121094
2024-06-04,Low,CS.PA,32.52000045776367
2024-06-04,Open,CS.PA,33.0
2024-06-04,Volume,CS.PA,3550350.0
2024-06-05,Close,CS.PA,33.11000061035156
2024-06-05,High,CS.PA,33.290000915527344
2024-06-05,Low,CS.PA,32.88999938964844
2024-06-05,Open,CS.PA,32.959999084472656
2024-06-05,Volume,CS.PA,2996962.0
2024-06-06,Close,CS.PA,33.40999984741211
2024-06-06,High,CS.PA,33.470001220703125
2024-06-06,Low,CS.PA,33.0
2024-06-06,Open,CS.PA,33.09000015258789
2024-06-06,Volume,CS.PA,2819770.0
2024-06-07,Close,CS.PA,33.18000030517578
2024-06-07,High,CS.PA,33.45000076293945
2024-06-07,Low,CS.PA,32.849998474121094
2024-06-07,Open,CS.PA,33.31999969482422
2024-06-07,Volume,CS.PA,3119191.0
2024-06-10,Close,CS.PA,32.33000183105469
2024-06-10,High,CS.PA,32.709999084472656
2024-06-10,Low,CS.PA,32.040000915527344
2024-06-10,Open,CS.PA,32.380001068115234
2024-06-10,Volume,CS.PA,7436765.0
2024-06-11,Close,CS.PA,31.799999237060547
2024-06-11,High,CS.PA,32.630001068115234
2024-06-11,Low,CS.PA,31.6299991607666
2024-06-11,Open,CS.PA,32.369998931884766
2024-06-11,Volume,CS.PA,6868881.0
2024-06-12,Close,CS.PA,32.25
2024-06-12,High,CS.PA,32.29999923706055
2024-06-12,Low,CS.PA,31.81999969482422
2024-06-12,Open,CS.PA,31.81999969482422
2024-06-12,Volume,CS.PA,4479567.0
2024-06-13,Close,CS.PA,30.950000762939453
2024-06-13,High,CS.PA,32.349998474121094
2024-06-13,Low,CS.PA,30.700000762939453
2024-06-13,Open,CS.PA,32.25
2024-06-13,Volume,CS.PA,9250383.0
2024-06-14,Close,CS.PA,29.43000030517578
2024-06-14,High,CS.PA,30.790000915527344
2024-06-14,Low,CS.PA,29.040000915527344
2024-06-14,Open,CS.PA,30.709999084472656
2024-06-14,Volume,CS.PA,15401026.0
2024-06-17,Close,CS.PA,29.979999542236328
2024-06-17,High,CS.PA,30.25
2024-06-17,Low,CS.PA,29.46999931335449
2024-06-17,Open,CS.PA,29.46999931335449
2024-06-17,Volume,CS.PA,6132543.0
2024-06-18,Close,CS.PA,30.530000686645508
2024-06-18,High,CS.PA,30.649999618530277
2024-06-18,Low,CS.PA,30.059999465942383
2024-06-18,Open,CS.PA,30.450000762939453
2024-06-18,Volume,CS.PA,5678921.0
2024-06-19,Close,CS.PA,30.46999931335449
2024-06-19,High,CS.PA,30.739999771118164
2024-06-19,Low,CS.PA,30.38999938964844
2024-06-19,Open,CS.PA,30.690000534057617
2024-06-19,Volume,CS.PA,3127957.0
2024-06-20,Close,CS.PA,30.940000534057617
2024-06-20,High,CS.PA,30.979999542236328
2024-06-20,Low,CS.PA,30.600000381469727
2024-06-20,Open,CS.PA,30.6299991607666
2024-06-20,Volume,CS.PA,4121951.0
2024-06-21,Close,CS.PA,30.559999465942383
2024-06-21,High,CS.PA,31.15999984741211
2024-06-21,Low,CS.PA,30.38999938964844
2024-06-21,Open,CS.PA,30.940000534057617
2024-06-21,Volume,CS.PA,9616490.0
2024-06-24,Close,CS.PA,30.899999618530277
2024-06-24,High,CS.PA,30.940000534057617
2024-06-24,Low,CS.PA,30.420000076293945
2024-06-24,Open,CS.PA,30.549999237060547
2024-06-24,Volume,CS.PA,3613473.0
2024-06-25,Close,CS.PA,30.76000022888184
2024-06-25,High,CS.PA,31.040000915527344
2024-06-25,Low,CS.PA,30.59000015258789
2024-06-25,Open,CS.PA,30.8799991607666
2024-06-25,Volume,CS.PA,3363255.0
2024-06-26,Close,CS.PA,30.65999984741211
2024-06-26,High,CS.PA,30.940000534057617
2024-06-26,Low,CS.PA,30.31999969482422
2024-06-26,Open,CS.PA,30.850000381469727
2024-06-26,Volume,CS.PA,3059712.0
2024-06-27,Close,CS.PA,30.3700008392334
2024-06-27,High,CS.PA,30.61000061035156
2024-06-27,Low,CS.PA,30.0
2024-06-27,Open,CS.PA,30.59000015258789
2024-06-27,Volume,CS.PA,5676440.0
2024-06-28,Close,CS.PA,30.56999969482422
2024-06-28,High,CS.PA,30.709999084472656
2024-06-28,Low,CS.PA,30.38999938964844
2024-06-28,Open,CS.PA,30.6299991607666
2024-06-28,Volume,CS.PA,5325632.0
2024-07-01,Close,CS.PA,31.26000022888184
2024-07-01,High,CS.PA,31.90999984741211
2024-07-01,Low,CS.PA,31.229999542236328
2024-07-01,Open,CS.PA,31.790000915527344
2024-07-01,Volume,CS.PA,5822740.0
2024-07-02,Close,CS.PA,31.13999938964844
2024-07-02,High,CS.PA,31.25
2024-07-02,Low,CS.PA,30.670000076293945
2024-07-02,Open,CS.PA,31.049999237060547
2024-07-02,Volume,CS.PA,3534410.0
2024-07-03,Close,CS.PA,31.670000076293945
2024-07-03,High,CS.PA,31.90999984741211
2024-07-03,Low,CS.PA,31.229999542236328
2024-07-03,Open,CS.PA,31.26000022888184
2024-07-03,Volume,CS.PA,4140685.0
2024-07-04,Close,CS.PA,32.08000183105469
2024-07-04,High,CS.PA,32.40999984741211
2024-07-04,Low,CS.PA,31.899999618530277
2024-07-04,Open,CS.PA,31.989999771118164
2024-07-04,Volume,CS.PA,3706902.0
2024-07-05,Close,CS.PA,31.959999084472656
2024-07-05,High,CS.PA,32.349998474121094
2024-07-05,Low,CS.PA,31.780000686645508
2024-07-05,Open,CS.PA,32.22999954223633
2024-07-05,Volume,CS.PA,2969546.0
2024-07-08,Close,CS.PA,32.0099983215332
2024-07-08,High,CS.PA,32.459999084472656
2024-07-08,Low,CS.PA,31.690000534057617
2024-07-08,Open,CS.PA,31.780000686645508
2024-07-08,Volume,CS.PA,2475601.0
2024-07-09,Close,CS.PA,31.6299991607666
2024-07-09,High,CS.PA,31.979999542236328
2024-07-09,Low,CS.PA,31.479999542236328
2024-07-09,Open,CS.PA,31.84000015258789
2024-07-09,Volume,CS.PA,3535401.0
2024-07-10,Close,CS.PA,31.96999931335449
2024-07-10,High,CS.PA,32.099998474121094
2024-07-10,Low,CS.PA,31.600000381469727
2024-07-10,Open,CS.PA,31.670000076293945
2024-07-10,Volume,CS.PA,2497364.0
2024-07-11,Close,CS.PA,32.06999969482422
2024-07-11,High,CS.PA,32.15999984741211
2024-07-11,Low,CS.PA,31.8799991607666
2024-07-11,Open,CS.PA,32.04999923706055
2024-07-11,Volume,CS.PA,2537783.0
2024-07-12,Close,CS.PA,32.25
2024-07-12,High,CS.PA,32.63999938964844
2024-07-12,Low,CS.PA,32.06999969482422
2024-07-12,Open,CS.PA,32.18000030517578
2024-07-12,Volume,CS.PA,3551094.0
2024-07-15,Close,CS.PA,32.18000030517578
2024-07-15,High,CS.PA,32.36000061035156
2024-07-15,Low,CS.PA,31.979999542236328
2024-07-15,Open,CS.PA,32.029998779296875
2024-07-15,Volume,CS.PA,1852939.0
2024-07-16,Close,CS.PA,32.0
2024-07-16,High,CS.PA,32.040000915527344
2024-07-16,Low,CS.PA,31.68000030517578
2024-07-16,Open,CS.PA,31.959999084472656
2024-07-16,Volume,CS.PA,1805580.0
2024-07-17,Close,CS.PA,31.979999542236328
2024-07-17,High,CS.PA,32.13999938964844
2024-07-17,Low,CS.PA,31.709999084472656
2024-07-17,Open,CS.PA,31.84000015258789
2024-07-17,Volume,CS.PA,2134086.0
2024-07-18,Close,CS.PA,32.25
2024-07-18,High,CS.PA,32.38999938964844
2024-07-18,Low,CS.PA,31.959999084472656
2024-07-18,Open,CS.PA,32.209999084472656
2024-07-18,Volume,CS.PA,2237160.0
2024-07-19,Close,CS.PA,31.940000534057617
2024-07-19,High,CS.PA,32.220001220703125
2024-07-19,Low,CS.PA,31.850000381469727
2024-07-19,Open,CS.PA,32.119998931884766
2024-07-19,Volume,CS.PA,4071318.0
2024-07-22,Close,CS.PA,32.209999084472656
2024-07-22,High,CS.PA,32.43000030517578
2024-07-22,Low,CS.PA,31.850000381469727
2024-07-22,Open,CS.PA,32.040000915527344
2024-07-22,Volume,CS.PA,2001739.0
2024-07-23,Close,CS.PA,32.43000030517578
2024-07-23,High,CS.PA,32.529998779296875
2024-07-23,Low,CS.PA,32.189998626708984
2024-07-23,Open,CS.PA,32.43000030517578
2024-07-23,Volume,CS.PA,1930672.0
2024-07-24,Close,CS.PA,32.11000061035156
2024-07-24,High,CS.PA,32.2599983215332
2024-07-24,Low,CS.PA,31.770000457763672
2024-07-24,Open,CS.PA,32.20000076293945
2024-07-24,Volume,CS.PA,2482990.0
2024-07-25,Close,CS.PA,32.2400016784668
2024-07-25,High,CS.PA,32.2400016784668
2024-07-25,Low,CS.PA,31.6299991607666
2024-07-25,Open,CS.PA,31.76000022888184
2024-07-25,Volume,CS.PA,2792420.0
2024-07-26,Close,CS.PA,32.47999954223633
2024-07-26,High,CS.PA,32.47999954223633
2024-07-26,Low,CS.PA,31.989999771118164
2024-07-26,Open,CS.PA,32.0
2024-07-26,Volume,CS.PA,2341214.0
2024-07-29,Close,CS.PA,32.22999954223633
2024-07-29,High,CS.PA,32.720001220703125
2024-07-29,Low,CS.PA,32.040000915527344
2024-07-29,Open,CS.PA,32.689998626708984
2024-07-29,Volume,CS.PA,1856948.0
2024-07-30,Close,CS.PA,32.689998626708984
2024-07-30,High,CS.PA,32.7599983215332
2024-07-30,Low,CS.PA,32.20000076293945
2024-07-30,Open,CS.PA,32.2400016784668
2024-07-30,Volume,CS.PA,2325624.0
2024-07-31,Close,CS.PA,32.4900016784668
2024-07-31,High,CS.PA,32.95000076293945
2024-07-31,Low,CS.PA,32.400001525878906
2024-07-31,Open,CS.PA,32.70000076293945
2024-07-31,Volume,CS.PA,3600344.0
2024-08-01,Close,CS.PA,31.809999465942383
2024-08-01,High,CS.PA,32.2400016784668
2024-08-01,Low,CS.PA,31.559999465942383
2024-08-01,Open,CS.PA,32.20000076293945
2024-08-01,Volume,CS.PA,3827267.0
2024-08-02,Close,CS.PA,32.2599983215332
2024-08-02,High,CS.PA,32.81999969482422
2024-08-02,Low,CS.PA,31.8799991607666
2024-08-02,Open,CS.PA,32.400001525878906
2024-08-02,Volume,CS.PA,5822309.0
2024-08-05,Close,CS.PA,31.399999618530277
2024-08-05,High,CS.PA,31.75
2024-08-05,Low,CS.PA,30.959999084472656
2024-08-05,Open,CS.PA,31.26000022888184
2024-08-05,Volume,CS.PA,5541188.0
2024-08-06,Close,CS.PA,31.309999465942383
2024-08-06,High,CS.PA,31.739999771118164
2024-08-06,Low,CS.PA,31.07999992370605
2024-08-06,Open,CS.PA,31.459999084472656
2024-08-06,Volume,CS.PA,4063674.0
2024-08-07,Close,CS.PA,32.029998779296875
2024-08-07,High,CS.PA,32.25
2024-08-07,Low,CS.PA,31.51000022888184
2024-08-07,Open,CS.PA,31.549999237060547
2024-08-07,Volume,CS.PA,3436313.0
2024-08-08,Close,CS.PA,32.13999938964844
2024-08-08,High,CS.PA,32.2400016784668
2024-08-08,Low,CS.PA,31.61000061035156
2024-08-08,Open,CS.PA,32.0
2024-08-08,Volume,CS.PA,2035467.0
2024-08-09,Close,CS.PA,32.599998474121094
2024-08-09,High,CS.PA,32.7599983215332
2024-08-09,Low,CS.PA,32.060001373291016
2024-08-09,Open,CS.PA,32.06999969482422
2024-08-09,Volume,CS.PA,3767555.0
2024-08-12,Close,CS.PA,32.349998474121094
2024-08-12,High,CS.PA,32.81999969482422
2024-08-12,Low,CS.PA,32.16999816894531
2024-08-12,Open,CS.PA,32.79999923706055
2024-08-12,Volume,CS.PA,1992016.0
2024-08-13,Close,CS.PA,32.38999938964844
2024-08-13,High,CS.PA,32.599998474121094
2024-08-13,Low,CS.PA,32.15999984741211
2024-08-13,Open,CS.PA,32.439998626708984
2024-08-13,Volume,CS.PA,2461176.0
2024-08-14,Close,CS.PA,32.720001220703125
2024-08-14,High,CS.PA,32.720001220703125
2024-08-14,Low,CS.PA,32.400001525878906
2024-08-14,Open,CS.PA,32.619998931884766
2024-08-14,Volume,CS.PA,2180855.0
2024-08-15,Close,CS.PA,33.06999969482422
2024-08-15,High,CS.PA,33.220001220703125
2024-08-15,Low,CS.PA,32.66999816894531
2024-08-15,Open,CS.PA,32.880001068115234
2024-08-15,Volume,CS.PA,2350211.0
2024-08-16,Close,CS.PA,33.36000061035156
2024-08-16,High,CS.PA,33.400001525878906
2024-08-16,Low,CS.PA,33.09000015258789
2024-08-16,Open,CS.PA,33.099998474121094
2024-08-16,Volume,CS.PA,2622400.0
2024-08-19,Close,CS.PA,33.439998626708984
2024-08-19,High,CS.PA,33.56999969482422
2024-08-19,Low,CS.PA,33.22999954223633
2024-08-19,Open,CS.PA,33.34000015258789
2024-08-19,Volume,CS.PA,1623669.0
2024-08-20,Close,CS.PA,33.47999954223633
2024-08-20,High,CS.PA,33.5
2024-08-20,Low,CS.PA,33.31999969482422
2024-08-20,Open,CS.PA,33.470001220703125
2024-08-20,Volume,CS.PA,1897709.0
2024-08-21,Close,CS.PA,33.470001220703125
2024-08-21,High,CS.PA,33.54999923706055
2024-08-21,Low,CS.PA,33.34000015258789
2024-08-21,Open,CS.PA,33.400001525878906
2024-08-21,Volume,CS.PA,2352025.0
2024-08-22,Close,CS.PA,33.59000015258789
2024-08-22,High,CS.PA,33.77000045776367
2024-08-22,Low,CS.PA,33.43000030517578
2024-08-22,Open,CS.PA,33.43000030517578
2024-08-22,Volume,CS.PA,1882359.0
2024-08-23,Close,CS.PA,33.95000076293945
2024-08-23,High,CS.PA,33.959999084472656
2024-08-23,Low,CS.PA,33.619998931884766
2024-08-23,Open,CS.PA,33.709999084472656
2024-08-23,Volume,CS.PA,1933524.0
2024-08-26,Close,CS.PA,33.95000076293945
2024-08-26,High,CS.PA,34.0
2024-08-26,Low,CS.PA,33.790000915527344
2024-08-26,Open,CS.PA,33.810001373291016
2024-08-26,Volume,CS.PA,1233755.0
2024-08-27,Close,CS.PA,34.04999923706055
2024-08-27,High,CS.PA,34.20000076293945
2024-08-27,Low,CS.PA,33.970001220703125
2024-08-27,Open,CS.PA,33.9900016784668
2024-08-27,Volume,CS.PA,2230053.0
2024-08-28,Close,CS.PA,34.310001373291016
2024-08-28,High,CS.PA,34.43000030517578
2024-08-28,Low,CS.PA,34.040000915527344
2024-08-28,Open,CS.PA,34.040000915527344
2024-08-28,Volume,CS.PA,3199570.0
2024-08-29,Close,CS.PA,34.29999923706055
2024-08-29,High,CS.PA,34.45000076293945
2024-08-29,Low,CS.PA,34.22999954223633
2024-08-29,Open,CS.PA,34.34000015258789
2024-08-29,Volume,CS.PA,2069913.0
2024-08-30,Close,CS.PA,34.400001525878906
2024-08-30,High,CS.PA,34.439998626708984
2024-08-30,Low,CS.PA,34.25
2024-08-30,Open,CS.PA,34.25
2024-08-30,Volume,CS.PA,3486550.0
2024-09-02,Close,CS.PA,34.650001525878906
2024-09-02,High,CS.PA,34.720001220703125
2024-09-02,Low,CS.PA,34.18000030517578
2024-09-02,Open,CS.PA,34.40999984741211
2024-09-02,Volume,CS.PA,2351791.0
2024-09-03,Close,CS.PA,34.63999938964844
2024-09-03,High,CS.PA,34.7599983215332
2024-09-03,Low,CS.PA,34.439998626708984
2024-09-03,Open,CS.PA,34.70000076293945
2024-09-03,Volume,CS.PA,2805955.0
2024-09-04,Close,CS.PA,34.5099983215332
2024-09-04,High,CS.PA,34.689998626708984
2024-09-04,Low,CS.PA,34.08000183105469
2024-09-04,Open,CS.PA,34.119998931884766
2024-09-04,Volume,CS.PA,3105269.0
2024-09-05,Close,CS.PA,34.720001220703125
2024-09-05,High,CS.PA,34.97999954223633
2024-09-05,Low,CS.PA,34.29999923706055
2024-09-05,Open,CS.PA,34.29999923706055
2024-09-05,Volume,CS.PA,2816836.0
2024-09-06,Close,CS.PA,34.4900016784668
2024-09-06,High,CS.PA,34.88999938964844
2024-09-06,Low,CS.PA,34.349998474121094
2024-09-06,Open,CS.PA,34.75
2024-09-06,Volume,CS.PA,3581986.0
2024-09-09,Close,CS.PA,34.90999984741211
2024-09-09,High,CS.PA,34.97999954223633
2024-09-09,Low,CS.PA,34.529998779296875
2024-09-09,Open,CS.PA,34.540000915527344
2024-09-09,Volume,CS.PA,2702647.0
2024-09-10,Close,CS.PA,34.959999084472656
2024-09-10,High,CS.PA,35.34000015258789
2024-09-10,Low,CS.PA,34.72999954223633
2024-09-10,Open,CS.PA,34.79999923706055
2024-09-10,Volume,CS.PA,4349278.0
2024-09-11,Close,CS.PA,35.29999923706055
2024-09-11,High,CS.PA,35.529998779296875
2024-09-11,Low,CS.PA,35.060001373291016
2024-09-11,Open,CS.PA,35.130001068115234
2024-09-11,Volume,CS.PA,3829497.0
2024-09-12,Close,CS.PA,35.599998474121094
2024-09-12,High,CS.PA,35.720001220703125
2024-09-12,Low,CS.PA,35.380001068115234
2024-09-12,Open,CS.PA,35.56999969482422
2024-09-12,Volume,CS.PA,3827679.0
2024-09-13,Close,CS.PA,36.08000183105469
2024-09-13,High,CS.PA,36.13999938964844
2024-09-13,Low,CS.PA,35.61000061035156
2024-09-13,Open,CS.PA,35.630001068115234
2024-09-13,Volume,CS.PA,3953802.0
2024-09-16,Close,CS.PA,36.18999862670898
2024-09-16,High,CS.PA,36.27000045776367
2024-09-16,Low,CS.PA,35.869998931884766
2024-09-16,Open,CS.PA,35.93000030517578
2024-09-16,Volume,CS.PA,2446479.0
2024-09-17,Close,CS.PA,36.150001525878906
2024-09-17,High,CS.PA,36.400001525878906
2024-09-17,Low,CS.PA,36.09000015258789
2024-09-17,Open,CS.PA,36.290000915527344
2024-09-17,Volume,CS.PA,4006579.0
2024-09-18,Close,CS.PA,35.9900016784668
2024-09-18,High,CS.PA,36.27999877929688
2024-09-18,Low,CS.PA,35.880001068115234
2024-09-18,Open,CS.PA,36.13999938964844
2024-09-18,Volume,CS.PA,3309193.0
2024-09-19,Close,CS.PA,36.22999954223633
2024-09-19,High,CS.PA,36.47999954223633
2024-09-19,Low,CS.PA,35.970001220703125
2024-09-19,Open,CS.PA,36.45000076293945
2024-09-19,Volume,CS.PA,3923374.0
2024-09-20,Close,CS.PA,36.25
2024-09-20,High,CS.PA,36.65999984741211
2024-09-20,Low,CS.PA,36.25
2024-09-20,Open,CS.PA,36.38999938964844
2024-09-20,Volume,CS.PA,9635098.0
2024-09-23,Close,CS.PA,36.13999938964844
2024-09-23,High,CS.PA,36.310001373291016
2024-09-23,Low,CS.PA,35.939998626708984
2024-09-23,Open,CS.PA,36.2599983215332
2024-09-23,Volume,CS.PA,4508139.0
2024-09-24,Close,CS.PA,36.15999984741211
2024-09-24,High,CS.PA,36.38999938964844
2024-09-24,Low,CS.PA,36.0099983215332
2024-09-24,Open,CS.PA,36.29999923706055
2024-09-24,Volume,CS.PA,2938844.0
2024-09-25,Close,CS.PA,35.5
2024-09-25,High,CS.PA,35.849998474121094
2024-09-25,Low,CS.PA,35.349998474121094
2024-09-25,Open,CS.PA,35.79999923706055
2024-09-25,Volume,CS.PA,3957983.0
2024-09-26,Close,CS.PA,35.779998779296875
2024-09-26,High,CS.PA,35.810001373291016
2024-09-26,Low,CS.PA,35.38999938964844
2024-09-26,Open,CS.PA,35.7599983215332
2024-09-26,Volume,CS.PA,3756880.0
2024-09-27,Close,CS.PA,35.529998779296875
2024-09-27,High,CS.PA,35.68000030517578
2024-09-27,Low,CS.PA,35.220001220703125
2024-09-27,Open,CS.PA,35.68000030517578
2024-09-27,Volume,CS.PA,5180993.0
2024-09-30,Close,CS.PA,34.529998779296875
2024-09-30,High,CS.PA,35.38999938964844
2024-09-30,Low,CS.PA,34.40999984741211
2024-09-30,Open,CS.PA,35.38999938964844
2024-09-30,Volume,CS.PA,6292966.0
2024-10-01,Close,CS.PA,34.41999816894531
2024-10-01,High,CS.PA,34.849998474121094
2024-10-01,Low,CS.PA,34.13999938964844
2024-10-01,Open,CS.PA,34.599998474121094
2024-10-01,Volume,CS.PA,3337011.0
2024-10-02,Close,CS.PA,34.439998626708984
2024-10-02,High,CS.PA,34.540000915527344
2024-10-02,Low,CS.PA,34.22999954223633
2024-10-02,Open,CS.PA,34.400001525878906
2024-10-02,Volume,CS.PA,3180692.0
2024-10-03,Close,CS.PA,33.91999816894531
2024-10-03,High,CS.PA,34.630001068115234
2024-10-03,Low,CS.PA,33.7599983215332
2024-10-03,Open,CS.PA,34.38999938964844
2024-10-03,Volume,CS.PA,4116560.0
2024-10-04,Close,CS.PA,34.369998931884766
2024-10-04,High,CS.PA,34.5099983215332
2024-10-04,Low,CS.PA,33.779998779296875
2024-10-04,Open,CS.PA,33.79999923706055
2024-10-04,Volume,CS.PA,4479995.0
2024-10-07,Close,CS.PA,34.459999084472656
2024-10-07,High,CS.PA,34.7400016784668
2024-10-07,Low,CS.PA,34.2400016784668
2024-10-07,Open,CS.PA,34.619998931884766
2024-10-07,Volume,CS.PA,3444464.0
2024-10-08,Close,CS.PA,34.36000061035156
2024-10-08,High,CS.PA,34.45000076293945
2024-10-08,Low,CS.PA,34.029998779296875
2024-10-08,Open,CS.PA,34.189998626708984
2024-10-08,Volume,CS.PA,3413714.0
2024-10-09,Close,CS.PA,34.70000076293945
2024-10-09,High,CS.PA,34.709999084472656
2024-10-09,Low,CS.PA,34.279998779296875
2024-10-09,Open,CS.PA,34.459999084472656
2024-10-09,Volume,CS.PA,2916533.0
2024-10-10,Close,CS.PA,34.86000061035156
2024-10-10,High,CS.PA,35.02000045776367
2024-10-10,Low,CS.PA,34.59000015258789
2024-10-10,Open,CS.PA,34.61000061035156
2024-10-10,Volume,CS.PA,3139281.0
2024-10-11,Close,CS.PA,35.09000015258789
2024-10-11,High,CS.PA,35.09000015258789
2024-10-11,Low,CS.PA,34.77000045776367
2024-10-11,Open,CS.PA,34.849998474121094
2024-10-11,Volume,CS.PA,2709330.0
2024-10-14,Close,CS.PA,35.38999938964844
2024-10-14,High,CS.PA,35.4900016784668
2024-10-14,Low,CS.PA,35.02000045776367
2024-10-14,Open,CS.PA,35.09000015258789
2024-10-14,Volume,CS.PA,2783649.0
2024-10-15,Close,CS.PA,35.81999969482422
2024-10-15,High,CS.PA,35.959999084472656
2024-10-15,Low,CS.PA,35.470001220703125
2024-10-15,Open,CS.PA,35.5
2024-10-15,Volume,CS.PA,5390457.0
2024-10-16,Close,CS.PA,35.7599983215332
2024-10-16,High,CS.PA,35.970001220703125
2024-10-16,Low,CS.PA,35.54999923706055
2024-10-16,Open,CS.PA,35.970001220703125
2024-10-16,Volume,CS.PA,3148393.0
2024-10-17,Close,CS.PA,35.970001220703125
2024-10-17,High,CS.PA,36.18000030517578
2024-10-17,Low,CS.PA,35.720001220703125
2024-10-17,Open,CS.PA,35.849998474121094
2024-10-17,Volume,CS.PA,3411006.0
2024-10-18,Close,CS.PA,36.08000183105469
2024-10-18,High,CS.PA,36.119998931884766
2024-10-18,Low,CS.PA,35.779998779296875
2024-10-18,Open,CS.PA,35.779998779296875
2024-10-18,Volume,CS.PA,2771411.0
2024-10-21,Close,CS.PA,35.720001220703125
2024-10-21,High,CS.PA,35.93000030517578
2024-10-21,Low,CS.PA,35.65999984741211
2024-10-21,Open,CS.PA,35.7400016784668
2024-10-21,Volume,CS.PA,2850686.0
2024-10-22,Close,CS.PA,35.400001525878906
2024-10-22,High,CS.PA,35.7400016784668
2024-10-22,Low,CS.PA,35.13999938964844
2024-10-22,Open,CS.PA,35.68000030517578
2024-10-22,Volume,CS.PA,3639177.0
2024-10-23,Close,CS.PA,35.11000061035156
2024-10-23,High,CS.PA,35.45000076293945
2024-10-23,Low,CS.PA,35.09000015258789
2024-10-23,Open,CS.PA,35.27000045776367
2024-10-23,Volume,CS.PA,2618439.0
2024-10-24,Close,CS.PA,35.279998779296875
2024-10-24,High,CS.PA,35.529998779296875
2024-10-24,Low,CS.PA,35.15999984741211
2024-10-24,Open,CS.PA,35.2400016784668
2024-10-24,Volume,CS.PA,3450218.0
2024-10-25,Close,CS.PA,34.88999938964844
2024-10-25,High,CS.PA,35.220001220703125
2024-10-25,Low,CS.PA,34.79999923706055
2024-10-25,Open,CS.PA,35.11000061035156
2024-10-25,Volume,CS.PA,3509125.0
2024-10-28,Close,CS.PA,35.33000183105469
2024-10-28,High,CS.PA,35.41999816894531
2024-10-28,Low,CS.PA,34.849998474121094
2024-10-28,Open,CS.PA,35.13999938964844
2024-10-28,Volume,CS.PA,3451584.0
2024-10-29,Close,CS.PA,35.13999938964844
2024-10-29,High,CS.PA,35.72999954223633
2024-10-29,Low,CS.PA,35.060001373291016
2024-10-29,Open,CS.PA,35.5
2024-10-29,Volume,CS.PA,3482117.0
2024-10-30,Close,CS.PA,34.84000015258789
2024-10-30,High,CS.PA,35.099998474121094
2024-10-30,Low,CS.PA,34.709999084472656
2024-10-30,Open,CS.PA,34.9900016784668
2024-10-30,Volume,CS.PA,3967925.0
2024-10-31,Close,CS.PA,34.52000045776367
2024-10-31,High,CS.PA,34.52000045776367
2024-10-31,Low,CS.PA,34.08000183105469
2024-10-31,Open,CS.PA,34.439998626708984
2024-10-31,Volume,CS.PA,5962716.0
2024-11-01,Close,CS.PA,34.279998779296875
2024-11-01,High,CS.PA,34.5
2024-11-01,Low,CS.PA,34.15999984741211
2024-11-01,Open,CS.PA,34.310001373291016
2024-11-01,Volume,CS.PA,2837358.0
2024-11-04,Close,CS.PA,34.06999969482422
2024-11-04,High,CS.PA,34.290000915527344
2024-11-04,Low,CS.PA,34.029998779296875
2024-11-04,Open,CS.PA,34.2400016784668
2024-11-04,Volume,CS.PA,2260215.0
2024-11-05,Close,CS.PA,34.38999938964844
2024-11-05,High,CS.PA,34.52000045776367
2024-11-05,Low,CS.PA,34.02000045776367
2024-11-05,Open,CS.PA,34.099998474121094
2024-11-05,Volume,CS.PA,2478376.0
2024-11-06,Close,CS.PA,34.459999084472656
2024-11-06,High,CS.PA,35.380001068115234
2024-11-06,Low,CS.PA,34.27000045776367
2024-11-06,Open,CS.PA,34.599998474121094
2024-11-06,Volume,CS.PA,4199106.0
2024-11-07,Close,CS.PA,34.130001068115234
2024-11-07,High,CS.PA,34.720001220703125
2024-11-07,Low,CS.PA,33.86000061035156
2024-11-07,Open,CS.PA,34.65999984741211
2024-11-07,Volume,CS.PA,4163091.0
2024-11-08,Close,CS.PA,33.86000061035156
2024-11-08,High,CS.PA,34.33000183105469
2024-11-08,Low,CS.PA,33.77000045776367
2024-11-08,Open,CS.PA,34.11000061035156
2024-11-08,Volume,CS.PA,2828675.0
2024-11-11,Close,CS.PA,34.20000076293945
2024-11-11,High,CS.PA,34.31999969482422
2024-11-11,Low,CS.PA,34.08000183105469
2024-11-11,Open,CS.PA,34.08000183105469
2024-11-11,Volume,CS.PA,2860191.0
2024-11-12,Close,CS.PA,33.20000076293945
2024-11-12,High,CS.PA,33.90999984741211
2024-11-12,Low,CS.PA,33.15999984741211
2024-11-12,Open,CS.PA,33.849998474121094
2024-11-12,Volume,CS.PA,4554097.0
2024-11-13,Close,CS.PA,33.29999923706055
2024-11-13,High,CS.PA,33.470001220703125
2024-11-13,Low,CS.PA,32.869998931884766
2024-11-13,Open,CS.PA,33.16999816894531
2024-11-13,Volume,CS.PA,3538137.0
2024-11-14,Close,CS.PA,33.63999938964844
2024-11-14,High,CS.PA,33.70000076293945
2024-11-14,Low,CS.PA,33.189998626708984
2024-11-14,Open,CS.PA,33.380001068115234
2024-11-14,Volume,CS.PA,5238719.0
2024-11-15,Close,CS.PA,33.880001068115234
2024-11-15,High,CS.PA,34.02000045776367
2024-11-15,Low,CS.PA,33.369998931884766
2024-11-15,Open,CS.PA,33.459999084472656
2024-11-15,Volume,CS.PA,3018970.0
2024-11-18,Close,CS.PA,34.25
2024-11-18,High,CS.PA,34.25
2024-11-18,Low,CS.PA,33.939998626708984
2024-11-18,Open,CS.PA,34.0099983215332
2024-11-18,Volume,CS.PA,2810133.0
2024-11-19,Close,CS.PA,34.040000915527344
2024-11-19,High,CS.PA,34.34000015258789
2024-11-19,Low,CS.PA,33.5099983215332
2024-11-19,Open,CS.PA,34.2400016784668
2024-11-19,Volume,CS.PA,3123420.0
2024-11-20,Close,CS.PA,34.029998779296875
2024-11-20,High,CS.PA,34.310001373291016
2024-11-20,Low,CS.PA,33.86000061035156
2024-11-20,Open,CS.PA,34.220001220703125
2024-11-20,Volume,CS.PA,3934451.0
2024-11-21,Close,CS.PA,34.20000076293945
2024-11-21,High,CS.PA,34.33000183105469
2024-11-21,Low,CS.PA,33.970001220703125
2024-11-21,Open,CS.PA,34.18000030517578
2024-11-21,Volume,CS.PA,3597506.0
2024-11-22,Close,CS.PA,34.08000183105469
2024-11-22,High,CS.PA,34.40999984741211
2024-11-22,Low,CS.PA,33.54999923706055
2024-11-22,Open,CS.PA,34.38999938964844
2024-11-22,Volume,CS.PA,3238041.0
2024-11-25,Close,CS.PA,34.06999969482422
2024-11-25,High,CS.PA,34.2599983215332
2024-11-25,Low,CS.PA,33.61000061035156
2024-11-25,Open,CS.PA,34.220001220703125
2024-11-25,Volume,CS.PA,7788863.0
2024-11-26,Close,CS.PA,33.65999984741211
2024-11-26,High,CS.PA,34.08000183105469
2024-11-26,Low,CS.PA,33.599998474121094
2024-11-26,Open,CS.PA,33.90999984741211
2024-11-26,Volume,CS.PA,3523936.0
2024-11-27,Close,CS.PA,32.209999084472656
2024-11-27,High,CS.PA,33.470001220703125
2024-11-27,Low,CS.PA,31.729999542236328
2024-11-27,Open,CS.PA,33.470001220703125
2024-11-27,Volume,CS.PA,9343821.0
2024-11-28,Close,CS.PA,32.5
2024-11-28,High,CS.PA,32.70000076293945
2024-11-28,Low,CS.PA,32.310001373291016
2024-11-28,Open,CS.PA,32.400001525878906
2024-11-28,Volume,CS.PA,4768295.0
2024-11-29,Close,CS.PA,32.97999954223633
2024-11-29,High,CS.PA,33.099998474121094
2024-11-29,Low,CS.PA,32.279998779296875
2024-11-29,Open,CS.PA,32.400001525878906
2024-11-29,Volume,CS.PA,7214826.0
2024-12-02,Close,CS.PA,32.540000915527344
2024-12-02,High,CS.PA,33.099998474121094
2024-12-02,Low,CS.PA,32.150001525878906
2024-12-02,Open,CS.PA,32.369998931884766
2024-12-02,Volume,CS.PA,6598293.0
2024-12-03,Close,CS.PA,32.290000915527344
2024-12-03,High,CS.PA,32.880001068115234
2024-12-03,Low,CS.PA,32.040000915527344
2024-12-03,Open,CS.PA,32.5
2024-12-03,Volume,CS.PA,7011559.0
2024-12-04,Close,CS.PA,32.83000183105469
2024-12-04,High,CS.PA,32.83000183105469
2024-12-04,Low,CS.PA,32.209999084472656
2024-12-04,Open,CS.PA,32.2400016784668
2024-12-04,Volume,CS.PA,3952519.0
2024-12-05,Close,CS.PA,33.650001525878906
2024-12-05,High,CS.PA,33.65999984741211
2024-12-05,Low,CS.PA,32.75
2024-12-05,Open,CS.PA,32.83000183105469
2024-12-05,Volume,CS.PA,5932880.0
2024-12-06,Close,CS.PA,34.0
2024-12-06,High,CS.PA,34.2599983215332
2024-12-06,Low,CS.PA,33.47999954223633
2024-12-06,Open,CS.PA,33.560001373291016
2024-12-06,Volume,CS.PA,5287313.0
2024-12-09,Close,CS.PA,34.06999969482422
2024-12-09,High,CS.PA,34.209999084472656
2024-12-09,Low,CS.PA,33.959999084472656
2024-12-09,Open,CS.PA,34.02000045776367
2024-12-09,Volume,CS.PA,3658094.0
2024-12-10,Close,CS.PA,33.70000076293945
2024-12-10,High,CS.PA,34.220001220703125
2024-12-10,Low,CS.PA,33.70000076293945
2024-12-10,Open,CS.PA,34.04999923706055
2024-12-10,Volume,CS.PA,4791301.0
2024-12-11,Close,CS.PA,33.66999816894531
2024-12-11,High,CS.PA,33.900001525878906
2024-12-11,Low,CS.PA,33.4900016784668
2024-12-11,Open,CS.PA,33.5099983215332
2024-12-11,Volume,CS.PA,3225022.0
2024-12-12,Close,CS.PA,33.560001373291016
2024-12-12,High,CS.PA,33.77000045776367
2024-12-12,Low,CS.PA,33.4900016784668
2024-12-12,Open,CS.PA,33.68000030517578
2024-12-12,Volume,CS.PA,2852315.0
2024-12-13,Close,CS.PA,34.099998474121094
2024-12-13,High,CS.PA,34.13999938964844
2024-12-13,Low,CS.PA,33.540000915527344
2024-12-13,Open,CS.PA,33.61000061035156
2024-12-13,Volume,CS.PA,3877128.0
2024-12-16,Close,CS.PA,33.959999084472656
2024-12-16,High,CS.PA,34.06999969482422
2024-12-16,Low,CS.PA,33.689998626708984
2024-12-16,Open,CS.PA,33.939998626708984
2024-12-16,Volume,CS.PA,3138508.0
2024-12-17,Close,CS.PA,33.7400016784668
2024-12-17,High,CS.PA,33.95000076293945
2024-12-17,Low,CS.PA,33.529998779296875
2024-12-17,Open,CS.PA,33.79999923706055
2024-12-17,Volume,CS.PA,3511299.0
2024-12-18,Close,CS.PA,33.79999923706055
2024-12-18,High,CS.PA,34.02000045776367
2024-12-18,Low,CS.PA,33.59000015258789
2024-12-18,Open,CS.PA,33.86000061035156
2024-12-18,Volume,CS.PA,3890176.0
2024-12-19,Close,CS.PA,33.779998779296875
2024-12-19,High,CS.PA,33.779998779296875
2024-12-19,Low,CS.PA,33.45000076293945
2024-12-19,Open,CS.PA,33.58000183105469
2024-12-19,Volume,CS.PA,3637888.0
2024-12-20,Close,CS.PA,33.5099983215332
2024-12-20,High,CS.PA,33.560001373291016
2024-12-20,Low,CS.PA,33.0099983215332
2024-12-20,Open,CS.PA,33.459999084472656
2024-12-20,Volume,CS.PA,10458294.0
2024-12-23,Close,CS.PA,33.63999938964844
2024-12-23,High,CS.PA,33.709999084472656
2024-12-23,Low,CS.PA,33.36000061035156
2024-12-23,Open,CS.PA,33.45000076293945
2024-12-23,Volume,CS.PA,2214974.0
2024-12-24,Close,CS.PA,33.56999969482422
2024-12-24,High,CS.PA,33.84000015258789
2024-12-24,Low,CS.PA,33.56999969482422
2024-12-24,Open,CS.PA,33.7599983215332
2024-12-24,Volume,CS.PA,912264.0
2024-12-27,Close,CS.PA,34.08000183105469
2024-12-27,High,CS.PA,34.08000183105469
2024-12-27,Low,CS.PA,33.54999923706055
2024-12-27,Open,CS.PA,33.58000183105469
2024-12-27,Volume,CS.PA,2335781.0
2024-12-30,Close,CS.PA,34.119998931884766
2024-12-30,High,CS.PA,34.400001525878906
2024-12-30,Low,CS.PA,33.900001525878906
2024-12-30,Open,CS.PA,33.90999984741211
2024-12-30,Volume,CS.PA,2086778.0
2024-12-31,Close,CS.PA,34.31999969482422
2024-12-31,High,CS.PA,34.36000061035156
2024-12-31,Low,CS.PA,33.95000076293945
2024-12-31,Open,CS.PA,34.0099983215332
2024-12-31,Volume,CS.PA,859533.0
2025-01-02,Close,CS.PA,34.41999816894531
2025-01-02,High,CS.PA,34.619998931884766
2025-01-02,Low,CS.PA,33.939998626708984
2025-01-02,Open,CS.PA,34.349998474121094
2025-01-02,Volume,CS.PA,2418364.0
2025-01-03,Close,CS.PA,34.06999969482422
2025-01-03,High,CS.PA,34.47999954223633
2025-01-03,Low,CS.PA,33.88999938964844
2025-01-03,Open,CS.PA,34.41999816894531
2025-01-03,Volume,CS.PA,3257406.0
2025-01-06,Close,CS.PA,34.45000076293945
2025-01-06,High,CS.PA,34.56999969482422
2025-01-06,Low,CS.PA,33.869998931884766
2025-01-06,Open,CS.PA,34.2400016784668
2025-01-06,Volume,CS.PA,3544197.0
2025-01-07,Close,CS.PA,34.7599983215332
2025-01-07,High,CS.PA,35.02000045776367
2025-01-07,Low,CS.PA,33.90999984741211
2025-01-07,Open,CS.PA,34.380001068115234
2025-01-07,Volume,CS.PA,3854753.0
2025-01-08,Close,CS.PA,34.849998474121094
2025-01-08,High,CS.PA,35.029998779296875
2025-01-08,Low,CS.PA,34.31999969482422
2025-01-08,Open,CS.PA,34.70000076293945
2025-01-08,Volume,CS.PA,3226710.0
2025-01-09,Close,CS.PA,34.40999984741211
2025-01-09,High,CS.PA,34.72999954223633
2025-01-09,Low,CS.PA,34.290000915527344
2025-01-09,Open,CS.PA,34.63999938964844
2025-01-09,Volume,CS.PA,2771033.0
2025-01-10,Close,CS.PA,33.84000015258789
2025-01-10,High,CS.PA,34.54999923706055
2025-01-10,Low,CS.PA,33.779998779296875
2025-01-10,Open,CS.PA,34.2400016784668
2025-01-10,Volume,CS.PA,3872889.0
2025-01-13,Close,CS.PA,33.47999954223633
2025-01-13,High,CS.PA,33.689998626708984
2025-01-13,Low,CS.PA,33.16999816894531
2025-01-13,Open,CS.PA,33.619998931884766
2025-01-13,Volume,CS.PA,3211352.0
2025-01-14,Close,CS.PA,33.65999984741211
2025-01-14,High,CS.PA,33.95000076293945
2025-01-14,Low,CS.PA,33.560001373291016
2025-01-14,Open,CS.PA,33.79999923706055
2025-01-14,Volume,CS.PA,3407363.0
2025-01-15,Close,CS.PA,34.400001525878906
2025-01-15,High,CS.PA,34.5
2025-01-15,Low,CS.PA,33.869998931884766
2025-01-15,Open,CS.PA,33.939998626708984
2025-01-15,Volume,CS.PA,5182708.0
2025-01-16,Close,CS.PA,35.08000183105469
2025-01-16,High,CS.PA,35.099998474121094
2025-01-16,Low,CS.PA,34.119998931884766
2025-01-16,Open,CS.PA,34.349998474121094
2025-01-16,Volume,CS.PA,4383239.0
2025-01-17,Close,CS.PA,35.36000061035156
2025-01-17,High,CS.PA,35.540000915527344
2025-01-17,Low,CS.PA,35.18000030517578
2025-01-17,Open,CS.PA,35.2599983215332
2025-01-17,Volume,CS.PA,4440865.0
2025-01-20,Close,CS.PA,35.34000015258789
2025-01-20,High,CS.PA,35.52000045776367
2025-01-20,Low,CS.PA,35.2599983215332
2025-01-20,Open,CS.PA,35.29999923706055
2025-01-20,Volume,CS.PA,3307881.0
2025-01-21,Close,CS.PA,35.25
2025-01-21,High,CS.PA,35.52000045776367
2025-01-21,Low,CS.PA,35.130001068115234
2025-01-21,Open,CS.PA,35.29999923706055
2025-01-21,Volume,CS.PA,3842600.0
2025-01-22,Close,CS.PA,35.720001220703125
2025-01-22,High,CS.PA,35.959999084472656
2025-01-22,Low,CS.PA,35.220001220703125
2025-01-22,Open,CS.PA,35.220001220703125
2025-01-22,Volume,CS.PA,4876478.0
2025-01-23,Close,CS.PA,36.119998931884766
2025-01-23,High,CS.PA,36.209999084472656
2025-01-23,Low,CS.PA,35.75
2025-01-23,Open,CS.PA,35.869998931884766
2025-01-23,Volume,CS.PA,4237231.0
2025-01-24,Close,CS.PA,35.900001525878906
2025-01-24,High,CS.PA,36.2599983215332
2025-01-24,Low,CS.PA,35.88999938964844
2025-01-24,Open,CS.PA,36.09999847412109
2025-01-24,Volume,CS.PA,4166064.0
2025-01-27,Close,CS.PA,36.34999847412109
2025-01-27,High,CS.PA,36.619998931884766
2025-01-27,Low,CS.PA,35.939998626708984
2025-01-27,Open,CS.PA,35.97999954223633
2025-01-27,Volume,CS.PA,6305974.0
2025-01-28,Close,CS.PA,36.66999816894531
2025-01-28,High,CS.PA,36.810001373291016
2025-01-28,Low,CS.PA,36.119998931884766
2025-01-28,Open,CS.PA,36.22999954223633
2025-01-28,Volume,CS.PA,3367446.0
2025-01-29,Close,CS.PA,36.47999954223633
2025-01-29,High,CS.PA,36.77999877929688
2025-01-29,Low,CS.PA,36.31999969482422
2025-01-29,Open,CS.PA,36.59999847412109
2025-01-29,Volume,CS.PA,2984217.0
2025-01-30,Close,CS.PA,36.68999862670898
2025-01-30,High,CS.PA,36.81999969482422
2025-01-30,Low,CS.PA,36.41999816894531
2025-01-30,Open,CS.PA,36.56999969482422
2025-01-30,Volume,CS.PA,3906503.0
2025-01-31,Close,CS.PA,36.650001525878906
2025-01-31,High,CS.PA,37.0
2025-01-31,Low,CS.PA,36.58000183105469
2025-01-31,Open,CS.PA,36.720001220703125
2025-01-31,Volume,CS.PA,5133800.0
2025-02-03,Close,CS.PA,36.369998931884766
2025-02-03,High,CS.PA,36.459999084472656
2025-02-03,Low,CS.PA,36.0099983215332
2025-02-03,Open,CS.PA,36.04999923706055
2025-02-03,Volume,CS.PA,3718862.0
2025-02-04,Close,CS.PA,37.060001373291016
2025-02-04,High,CS.PA,37.13999938964844
2025-02-04,Low,CS.PA,36.369998931884766
2025-02-04,Open,CS.PA,36.5
2025-02-04,Volume,CS.PA,4142009.0
2025-02-05,Close,CS.PA,36.95000076293945
2025-02-05,High,CS.PA,37.0099983215332
2025-02-05,Low,CS.PA,36.720001220703125
2025-02-05,Open,CS.PA,36.90999984741211
2025-02-05,Volume,CS.PA,3109910.0
2025-02-06,Close,CS.PA,37.380001068115234
2025-02-06,High,CS.PA,37.54999923706055
2025-02-06,Low,CS.PA,37.040000915527344
2025-02-06,Open,CS.PA,37.11000061035156
2025-02-06,Volume,CS.PA,6542340.0
2025-02-07,Close,CS.PA,37.560001373291016
2025-02-07,High,CS.PA,37.709999084472656
2025-02-07,Low,CS.PA,37.4900016784668
2025-02-07,Open,CS.PA,37.58000183105469
2025-02-07,Volume,CS.PA,2798102.0
2025-02-10,Close,CS.PA,37.7400016784668
2025-02-10,High,CS.PA,37.79999923706055
2025-02-10,Low,CS.PA,37.52000045776367
2025-02-10,Open,CS.PA,37.619998931884766
2025-02-10,Volume,CS.PA,2707777.0
2025-02-11,Close,CS.PA,38.0
2025-02-11,High,CS.PA,38.09000015258789
2025-02-11,Low,CS.PA,37.65999984741211
2025-02-11,Open,CS.PA,37.7599983215332
2025-02-11,Volume,CS.PA,2736795.0
2025-02-12,Close,CS.PA,38.02999877929688
2025-02-12,High,CS.PA,38.2400016784668
2025-02-12,Low,CS.PA,38.0
2025-02-12,Open,CS.PA,38.040000915527344
2025-02-12,Volume,CS.PA,4011717.0
2025-02-13,Close,CS.PA,38.0
2025-02-13,High,CS.PA,38.27999877929688
2025-02-13,Low,CS.PA,38.0
2025-02-13,Open,CS.PA,38.13999938964844
2025-02-13,Volume,CS.PA,3249416.0
2025-02-14,Close,CS.PA,37.52999877929688
2025-02-14,High,CS.PA,37.91999816894531
2025-02-14,Low,CS.PA,37.31999969482422
2025-02-14,Open,CS.PA,37.84000015258789
2025-02-14,Volume,CS.PA,3995750.0
2025-02-17,Close,CS.PA,37.59000015258789
2025-02-17,High,CS.PA,37.81999969482422
2025-02-17,Low,CS.PA,37.470001220703125
2025-02-17,Open,CS.PA,37.560001373291016
2025-02-17,Volume,CS.PA,2991112.0
2025-02-18,Close,CS.PA,37.52999877929688
2025-02-18,High,CS.PA,37.68000030517578
2025-02-18,Low,CS.PA,37.369998931884766
2025-02-18,Open,CS.PA,37.630001068115234
2025-02-18,Volume,CS.PA,3410732.0
2025-02-19,Close,CS.PA,36.77000045776367
2025-02-19,High,CS.PA,37.650001525878906
2025-02-19,Low,CS.PA,36.63999938964844
2025-02-19,Open,CS.PA,37.5099983215332
2025-02-19,Volume,CS.PA,3883044.0
2025-02-20,Close,CS.PA,36.84000015258789
2025-02-20,High,CS.PA,37.11000061035156
2025-02-20,Low,CS.PA,36.7400016784668
2025-02-20,Open,CS.PA,36.810001373291016
2025-02-20,Volume,CS.PA,2796404.0
2025-02-21,Close,CS.PA,36.97999954223633
2025-02-21,High,CS.PA,37.09999847412109
2025-02-21,Low,CS.PA,36.70000076293945
2025-02-21,Open,CS.PA,36.84999847412109
2025-02-21,Volume,CS.PA,3651642.0
2025-02-24,Close,CS.PA,37.09999847412109
2025-02-24,High,CS.PA,37.18000030517578
2025-02-24,Low,CS.PA,36.90999984741211
2025-02-24,Open,CS.PA,37.119998931884766
2025-02-24,Volume,CS.PA,2972832.0
2025-02-25,Close,CS.PA,37.54999923706055
2025-02-25,High,CS.PA,37.72999954223633
2025-02-25,Low,CS.PA,36.959999084472656
2025-02-25,Open,CS.PA,37.0
2025-02-25,Volume,CS.PA,3398663.0
2025-02-26,Close,CS.PA,38.2400016784668
2025-02-26,High,CS.PA,38.27999877929688
2025-02-26,Low,CS.PA,37.59999847412109
2025-02-26,Open,CS.PA,37.72999954223633
2025-02-26,Volume,CS.PA,4671889.0
2025-02-27,Close,CS.PA,37.709999084472656
2025-02-27,High,CS.PA,38.209999084472656
2025-02-27,Low,CS.PA,37.150001525878906
2025-02-27,Open,CS.PA,38.18000030517578
2025-02-27,Volume,CS.PA,4760493.0
2025-02-28,Close,CS.PA,37.43999862670898
2025-02-28,High,CS.PA,37.630001068115234
2025-02-28,Low,CS.PA,36.91999816894531
2025-02-28,Open,CS.PA,37.59999847412109
2025-02-28,Volume,CS.PA,7159105.0
2025-03-03,Close,CS.PA,38.150001525878906
2025-03-03,High,CS.PA,38.459999084472656
2025-03-03,Low,CS.PA,37.22999954223633
2025-03-03,Open,CS.PA,37.63999938964844
2025-03-03,Volume,CS.PA,5252978.0
2025-03-04,Close,CS.PA,37.959999084472656
2025-03-04,High,CS.PA,37.9900016784668
2025-03-04,Low,CS.PA,37.59000015258789
2025-03-04,Open,CS.PA,37.79999923706055
2025-03-04,Volume,CS.PA,4388013.0
2025-03-05,Close,CS.PA,38.31999969482422
2025-03-05,High,CS.PA,38.77000045776367
2025-03-05,Low,CS.PA,38.31999969482422
2025-03-05,Open,CS.PA,38.650001525878906
2025-03-05,Volume,CS.PA,5453880.0
2025-03-06,Close,CS.PA,38.650001525878906
2025-03-06,High,CS.PA,38.90999984741211
2025-03-06,Low,CS.PA,38.119998931884766
2025-03-06,Open,CS.PA,38.52000045776367
2025-03-06,Volume,CS.PA,5769050.0
2025-03-07,Close,CS.PA,38.7599983215332
2025-03-07,High,CS.PA,38.95000076293945
2025-03-07,Low,CS.PA,38.33000183105469
2025-03-07,Open,CS.PA,38.52000045776367
2025-03-07,Volume,CS.PA,5272716.0
2025-03-10,Close,CS.PA,38.52000045776367
2025-03-10,High,CS.PA,39.04999923706055
2025-03-10,Low,CS.PA,38.470001220703125
2025-03-10,Open,CS.PA,39.0
2025-03-10,Volume,CS.PA,5286789.0
2025-03-11,Close,CS.PA,38.02999877929688
2025-03-11,High,CS.PA,38.66999816894531
2025-03-11,Low,CS.PA,37.59000015258789
2025-03-11,Open,CS.PA,38.61000061035156
2025-03-11,Volume,CS.PA,5543770.0
2025-03-12,Close,CS.PA,38.81999969482422
2025-03-12,High,CS.PA,39.08000183105469
2025-03-12,Low,CS.PA,38.40999984741211
2025-03-12,Open,CS.PA,38.45000076293945
2025-03-12,Volume,CS.PA,4693702.0
2025-03-13,Close,CS.PA,38.7599983215332
2025-03-13,High,CS.PA,39.02000045776367
2025-03-13,Low,CS.PA,38.650001525878906
2025-03-13,Open,CS.PA,38.68999862670898
2025-03-13,Volume,CS.PA,3908405.0
2025-03-14,Close,CS.PA,38.83000183105469
2025-03-14,High,CS.PA,39.20000076293945
2025-03-14,Low,CS.PA,38.52999877929688
2025-03-14,Open,CS.PA,38.61000061035156
2025-03-14,Volume,CS.PA,4332656.0
2025-03-17,Close,CS.PA,39.2599983215332
2025-03-17,High,CS.PA,39.27999877929688
2025-03-17,Low,CS.PA,38.560001373291016
2025-03-17,Open,CS.PA,38.56999969482422
2025-03-17,Volume,CS.PA,4770446.0
2025-03-18,Close,CS.PA,39.90999984741211
2025-03-18,High,CS.PA,39.93999862670898
2025-03-18,Low,CS.PA,39.27000045776367
2025-03-18,Open,CS.PA,39.310001373291016
2025-03-18,Volume,CS.PA,5333231.0
2025-03-19,Close,CS.PA,39.84000015258789
2025-03-19,High,CS.PA,40.11000061035156
2025-03-19,Low,CS.PA,39.709999084472656
2025-03-19,Open,CS.PA,39.720001220703125
2025-03-19,Volume,CS.PA,4943163.0
2025-03-20,Close,CS.PA,39.63999938964844
2025-03-20,High,CS.PA,39.90999984741211
2025-03-20,Low,CS.PA,39.130001068115234
2025-03-20,Open,CS.PA,39.81999969482422
2025-03-20,Volume,CS.PA,2861125.0
2025-03-21,Close,CS.PA,39.5099983215332
2025-03-21,High,CS.PA,39.63999938964844
2025-03-21,Low,CS.PA,39.2400016784668
2025-03-21,Open,CS.PA,39.40999984741211
2025-03-21,Volume,CS.PA,6788197.0
2025-03-24,Close,CS.PA,39.58000183105469
2025-03-24,High,CS.PA,39.970001220703125
2025-03-24,Low,CS.PA,39.5099983215332
2025-03-24,Open,CS.PA,39.72999954223633
2025-03-24,Volume,CS.PA,3375122.0
2025-03-25,Close,CS.PA,40.13999938964844
2025-03-25,High,CS.PA,40.25
2025-03-25,Low,CS.PA,39.68000030517578
2025-03-25,Open,CS.PA,39.709999084472656
2025-03-25,Volume,CS.PA,4699350.0
2025-03-26,Close,CS.PA,40.060001373291016
2025-03-26,High,CS.PA,40.2599983215332
2025-03-26,Low,CS.PA,39.900001525878906
2025-03-26,Open,CS.PA,40.130001068115234
2025-03-26,Volume,CS.PA,3874175.0
2025-03-27,Close,CS.PA,40.09999847412109
2025-03-27,High,CS.PA,40.16999816894531
2025-03-27,Low,CS.PA,39.59999847412109
2025-03-27,Open,CS.PA,39.75
2025-03-27,Volume,CS.PA,3150779.0
2025-03-28,Close,CS.PA,39.9900016784668
2025-03-28,High,CS.PA,40.2400016784668
2025-03-28,Low,CS.PA,39.8849983215332
2025-03-28,Open,CS.PA,40.0
2025-03-28,Volume,CS.PA,3970615.0
2025-03-31,Close,CS.PA,39.400001525878906
2025-03-31,High,CS.PA,39.84000015258789
2025-03-31,Low,CS.PA,39.2400016784668
2025-03-31,Open,CS.PA,39.63999938964844
2025-03-31,Volume,CS.PA,5793431.0
2025-04-01,Close,CS.PA,40.0
2025-04-01,High,CS.PA,40.02000045776367
2025-04-01,Low,CS.PA,39.43000030517578
2025-04-01,Open,CS.PA,39.47999954223633
2025-04-01,Volume,CS.PA,4170784.0
2025-04-02,Close,CS.PA,40.400001525878906
2025-04-02,High,CS.PA,40.5099983215332
2025-04-02,Low,CS.PA,40.0
2025-04-02,Open,CS.PA,40.13999938964844
2025-04-02,Volume,CS.PA,4393967.0
2025-04-03,Close,CS.PA,39.72999954223633
2025-04-03,High,CS.PA,40.09000015258789
2025-04-03,Low,CS.PA,39.43000030517578
2025-04-03,Open,CS.PA,39.68999862670898
2025-04-03,Volume,CS.PA,6099999.0
2025-04-04,Close,CS.PA,37.56999969482422
2025-04-04,High,CS.PA,39.540000915527344
2025-04-04,Low,CS.PA,37.09000015258789
2025-04-04,Open,CS.PA,39.369998931884766
2025-04-04,Volume,CS.PA,11487544.0
2025-04-07,Close,CS.PA,35.189998626708984
2025-04-07,High,CS.PA,36.970001220703125
2025-04-07,Low,CS.PA,34.0
2025-04-07,Open,CS.PA,35.0
2025-04-07,Volume,CS.PA,14286567.0
2025-04-08,Close,CS.PA,36.43000030517578
2025-04-08,High,CS.PA,37.09999847412109
2025-04-08,Low,CS.PA,35.5099983215332
2025-04-08,Open,CS.PA,35.959999084472656
2025-04-08,Volume,CS.PA,7448766.0
2025-04-09,Close,CS.PA,35.380001068115234
2025-04-09,High,CS.PA,36.25
2025-04-09,Low,CS.PA,34.83000183105469
2025-04-09,Open,CS.PA,35.689998626708984
2025-04-09,Volume,CS.PA,8001399.0
2025-04-10,Close,CS.PA,37.20000076293945
2025-04-10,High,CS.PA,38.04999923706055
2025-04-10,Low,CS.PA,36.70000076293945
2025-04-10,Open,CS.PA,37.11000061035156
2025-04-10,Volume,CS.PA,10295205.0
2025-04-11,Close,CS.PA,37.130001068115234
2025-04-11,High,CS.PA,37.90999984741211
2025-04-11,Low,CS.PA,36.810001373291016
2025-04-11,Open,CS.PA,37.63999938964844
2025-04-11,Volume,CS.PA,5053470.0
2025-04-14,Close,CS.PA,38.09999847412109
2025-04-14,High,CS.PA,38.459999084472656
2025-04-14,Low,CS.PA,37.90999984741211
2025-04-14,Open,CS.PA,38.02000045776367
2025-04-14,Volume,CS.PA,4392251.0
2025-04-15,Close,CS.PA,38.880001068115234
2025-04-15,High,CS.PA,38.9900016784668
2025-04-15,Low,CS.PA,38.09999847412109
2025-04-15,Open,CS.PA,38.18999862670898
2025-04-15,Volume,CS.PA,4570114.0
2025-04-16,Close,CS.PA,39.15999984741211
2025-04-16,High,CS.PA,39.209999084472656
2025-04-16,Low,CS.PA,38.52999877929688
2025-04-16,Open,CS.PA,38.81999969482422
2025-04-16,Volume,CS.PA,3372340.0
2025-04-17,Close,CS.PA,39.5099983215332
2025-04-17,High,CS.PA,39.709999084472656
2025-04-17,Low,CS.PA,39.040000915527344
2025-04-17,Open,CS.PA,39.06999969482422
2025-04-17,Volume,CS.PA,4451871.0
2025-04-22,Close,CS.PA,40.040000915527344
2025-04-22,High,CS.PA,40.15999984741211
2025-04-22,Low,CS.PA,39.5099983215332
2025-04-22,Open,CS.PA,39.54999923706055
2025-04-22,Volume,CS.PA,4270855.0
2025-04-23,Close,CS.PA,40.33000183105469
2025-04-23,High,CS.PA,40.5
2025-04-23,Low,CS.PA,39.9900016784668
2025-04-23,Open,CS.PA,40.5
2025-04-23,Volume,CS.PA,4566456.0
