Datetime,Ticker,Open,High,Low,Close,Volume
2025-04-16,AC.PA,38.75,38.9900016784668,38.2599983215332,38.9900016784668,644025
2025-04-17,AC.PA,38.709999084472656,39.06999969482422,38.380001068115234,38.95000076293945,501596
2025-04-22,AC.PA,38.79999923706055,39.310001373291016,38.16999816894531,39.150001525878906,638452
2025-04-23,AC.PA,39.91999816894531,40.869998931884766,39.65999984741211,40.599998474121094,941991
2025-04-24,AC.PA,40.310001373291016,40.79999923706055,40.18000030517578,40.65999984741211,894755
2025-04-25,AC.PA,42.0,43.290000915527344,41.95000076293945,43.220001220703125,1329941
2025-04-16,ACA.PA,16.065000534057617,16.299999237060547,16.024999618530273,16.274999618530273,3791348
2025-04-17,ACA.PA,16.239999771118164,16.350000381469727,16.15999984741211,16.28499984741211,4042644
2025-04-22,ACA.PA,16.260000228881836,16.450000762939453,16.2450008392334,16.420000076293945,5270602
2025-04-23,ACA.PA,16.565000534057617,16.7450008392334,16.5,16.690000534057617,7151421
2025-04-24,ACA.PA,16.65999984741211,16.774999618530273,16.610000610351562,16.690000534057617,3242657
2025-04-25,ACA.PA,16.780000686645508,16.889999389648438,16.700000762939453,16.8799991607666,4079423
2025-04-16,AI.PA,174.25999450683594,175.0,173.3800048828125,174.67999267578125,702346
2025-04-17,AI.PA,174.8800048828125,175.25999450683594,172.77999877929688,173.17999267578125,701724
2025-04-22,AI.PA,174.0,175.36000061035156,173.0800018310547,174.8800048828125,714581
2025-04-23,AI.PA,176.6199951171875,176.63999938964844,173.17999267578125,174.6999969482422,880212
2025-04-24,AI.PA,174.75999450683594,179.47999572753906,174.1999969482422,178.5800018310547,674312
2025-04-25,AI.PA,178.8000030517578,179.74000549316406,178.02000427246094,178.44000244140625,687114
2025-04-16,AIR.PA,140.17999267578125,140.52000427246094,138.55999755859375,140.5,1490715
2025-04-17,AIR.PA,140.63999938964844,140.86000061035156,135.3800048828125,136.4600067138672,1563744
2025-04-22,AIR.PA,133.82000732421875,133.82000732421875,131.89999389648438,133.05999755859375,1951154
2025-04-23,AIR.PA,135.5,141.5,135.1999969482422,138.83999633789062,1840997
2025-04-24,AIR.PA,138.83999633789062,139.3000030517578,136.82000732421875,137.25999450683594,1392522
2025-04-25,AIR.PA,139.5,141.5800018310547,138.89999389648438,140.60000610351562,1438906
2025-04-16,BN.PA,73.45999908447266,73.80000305175781,73.08000183105469,73.68000030517578,1663798
2025-04-17,BN.PA,72.94000244140625,74.0999984741211,72.94000244140625,73.73999786376953,1274302
2025-04-22,BN.PA,74.30000305175781,74.5199966430664,73.31999969482422,73.73999786376953,1655010
2025-04-23,BN.PA,73.94000244140625,74.41999816894531,73.04000091552734,74.31999969482422,2441552
2025-04-24,BN.PA,74.41999816894531,75.72000122070312,74.31999969482422,75.18000030517578,1951020
2025-04-25,BN.PA,74.87999725341797,75.5999984741211,74.4000015258789,74.77999877929688,1777433
2025-04-16,BNP.PA,69.93000030517578,71.66000366210938,69.80000305175781,71.58000183105469,3171170
2025-04-17,BNP.PA,71.69000244140625,71.91999816894531,70.12999725341797,70.73999786376953,2922984
2025-04-22,BNP.PA,70.94999694824219,71.91000366210938,70.5999984741211,71.62000274658203,2644851
2025-04-23,BNP.PA,73.0999984741211,74.80999755859375,72.8499984741211,73.81999969482422,4756299
2025-04-24,BNP.PA,71.91999816894531,72.80999755859375,70.61000061035156,72.2300033569336,3705193
2025-04-25,BNP.PA,72.9000015258789,73.19999694824219,72.19999694824219,72.80999755859375,2764070
2025-04-16,CA.PA,13.319999694824219,13.449999809265137,13.1899995803833,13.25,4015504
2025-04-17,CA.PA,13.15999984741211,13.265000343322754,13.050000190734863,13.204999923706055,4067581
2025-04-22,CA.PA,13.380000114440918,13.65999984741211,13.359999656677246,13.65999984741211,4244034
2025-04-23,CA.PA,13.574999809265137,13.854999542236328,13.569999694824219,13.725000381469727,3576959
2025-04-24,CA.PA,13.699999809265137,13.864999771118164,13.65999984741211,13.770000457763672,3048670
2025-04-25,CA.PA,13.649999618530273,13.895000457763672,13.649999618530273,13.75,2366046
2025-04-16,CAP.PA,128.6999969482422,129.35000610351562,127.3499984741211,128.64999389648438,411594
2025-04-17,CAP.PA,128.25,129.39999389648438,126.75,126.9000015258789,463529
2025-04-22,CAP.PA,126.55000305175781,127.94999694824219,124.0,127.8499984741211,395567
2025-04-23,CAP.PA,131.60000610351562,134.85000610351562,131.0,132.1999969482422,561712
2025-04-24,CAP.PA,132.14999389648438,133.35000610351562,130.39999389648438,132.0,444706
2025-04-25,CAP.PA,132.14999389648438,132.5,127.8499984741211,130.0500030517578,961598
2025-04-16,CS.PA,38.81999969482422,39.209999084472656,38.529998779296875,39.15999984741211,3372340
2025-04-17,CS.PA,39.06999969482422,39.709999084472656,39.040000915527344,39.5099983215332,4451871
2025-04-22,CS.PA,39.54999923706055,40.15999984741211,39.5099983215332,40.040000915527344,4270855
2025-04-23,CS.PA,40.5,40.5,39.9900016784668,40.33000183105469,4566456
2025-04-24,CS.PA,40.369998931884766,40.58000183105469,40.130001068115234,40.22999954223633,2882578
2025-04-25,CS.PA,40.540000915527344,40.84000015258789,40.279998779296875,40.56999969482422,3620980
2025-04-16,DG.PA,118.0,120.0999984741211,117.5999984741211,120.0,1368609
2025-04-17,DG.PA,118.6500015258789,119.9000015258789,118.1500015258789,119.69999694824219,997032
2025-04-22,DG.PA,117.0999984741211,118.3499984741211,116.4000015258789,117.9000015258789,1245093
2025-04-23,DG.PA,119.3499984741211,119.8499984741211,117.5,119.5,1634038
2025-04-24,DG.PA,119.19999694824219,120.4000015258789,119.19999694824219,120.4000015258789,909085
2025-04-25,DG.PA,120.0,121.30000305175781,118.80000305175781,120.8499984741211,1293196
2025-04-16,DSY.PA,33.20000076293945,33.540000915527344,32.689998626708984,33.470001220703125,1092543
2025-04-17,DSY.PA,33.400001525878906,33.599998474121094,32.68000030517578,32.84000015258789,1336446
2025-04-22,DSY.PA,32.790000915527344,33.11000061035156,32.290000915527344,33.11000061035156,1320271
2025-04-23,DSY.PA,33.900001525878906,34.47999954223633,33.72999954223633,33.86000061035156,2327845
2025-04-24,DSY.PA,31.299999237060547,32.5,30.56999969482422,32.130001068115234,3872592
2025-04-25,DSY.PA,32.119998931884766,32.779998779296875,31.84000015258789,32.54999923706055,2035872
2025-04-16,EDEN.PA,31.1299991607666,31.15999984741211,29.969999313354492,31.1299991607666,540667
2025-04-17,EDEN.PA,31.079999923706055,31.600000381469727,30.950000762939453,31.299999237060547,403443
2025-04-22,EDEN.PA,31.420000076293945,32.22999954223633,31.219999313354492,31.6200008392334,558819
2025-04-23,EDEN.PA,32.25,32.400001525878906,31.81999969482422,32.150001525878906,691981
2025-04-24,EDEN.PA,32.16999816894531,32.209999084472656,31.719999313354492,31.8799991607666,504454
2025-04-25,EDEN.PA,32.0,32.20000076293945,26.219999313354492,26.530000686645508,2858868
2025-04-16,EL.PA,249.3000030517578,250.3000030517578,246.8000030517578,249.8000030517578,649432
2025-04-17,EL.PA,248.39999389648438,249.3000030517578,246.60000610351562,247.3000030517578,556740
2025-04-22,EL.PA,248.10000610351562,253.6999969482422,245.8000030517578,253.1999969482422,505607
2025-04-23,EL.PA,255.0,259.1000061035156,254.8000030517578,257.29998779296875,838272
2025-04-24,EL.PA,255.60000610351562,255.8000030517578,247.89999389648438,252.0,639097
2025-04-25,EL.PA,253.10000610351562,255.3000030517578,250.89999389648438,253.3000030517578,534593
2025-04-16,EN.PA,36.86000061035156,37.47999954223633,36.790000915527344,37.45000076293945,968014
2025-04-17,EN.PA,37.31999969482422,37.540000915527344,37.060001373291016,37.34000015258789,641187
2025-04-22,EN.PA,37.34000015258789,37.869998931884766,37.310001373291016,37.540000915527344,686578
2025-04-23,EN.PA,37.810001373291016,37.849998474121094,37.41999816894531,37.619998931884766,964762
2025-04-24,EN.PA,37.61000061035156,37.810001373291016,37.470001220703125,37.7599983215332,662440
2025-04-25,EN.PA,37.880001068115234,37.9900016784668,37.5,37.77000045776367,786599
2025-04-16,ENGI.PA,18.59000015258789,18.729999542236328,18.364999771118164,18.704999923706055,8212977
2025-04-17,ENGI.PA,18.649999618530273,18.764999389648438,18.579999923706055,18.670000076293945,4725656
2025-04-22,ENGI.PA,18.75,18.920000076293945,18.704999923706055,18.895000457763672,6880090
2025-04-23,ENGI.PA,18.96500015258789,18.96500015258789,18.575000762939453,18.770000457763672,8170335
2025-04-24,ENGI.PA,18.93000030517578,18.979999542236328,18.625,18.704999923706055,7486423
2025-04-25,ENGI.PA,17.299999237060547,17.4950008392334,17.260000228881836,17.424999237060547,8139677
2025-04-16,ERF.PA,50.560001373291016,51.060001373291016,49.939998626708984,50.540000915527344,384077
2025-04-17,ERF.PA,50.400001525878906,50.5,49.38999938964844,49.56999969482422,406502
2025-04-22,ERF.PA,49.52000045776367,49.7400016784668,48.459999084472656,49.349998474121094,510307
2025-04-23,ERF.PA,51.560001373291016,55.720001220703125,51.380001068115234,55.279998779296875,889912
2025-04-24,ERF.PA,54.619998931884766,54.939998626708984,53.439998626708984,54.220001220703125,507177
2025-04-25,ERF.PA,53.599998474121094,54.70000076293945,53.599998474121094,53.86000061035156,445963
2025-04-16,GLE.PA,39.84000015258789,40.209999084472656,39.2599983215332,40.0,2218711
2025-04-17,GLE.PA,40.040000915527344,40.130001068115234,39.2400016784668,39.5099983215332,1842589
2025-04-22,GLE.PA,39.7400016784668,40.540000915527344,39.59000015258789,40.40999984741211,1836579
2025-04-23,GLE.PA,41.54999923706055,42.380001068115234,41.040000915527344,41.88999938964844,3823503
2025-04-24,GLE.PA,41.5,41.88999938964844,40.86000061035156,41.88999938964844,1905388
2025-04-25,GLE.PA,42.15999984741211,42.81999969482422,41.849998474121094,42.810001373291016,1951753
2025-04-16,HO.PA,259.79998779296875,260.0,254.6999969482422,257.29998779296875,269089
2025-04-17,HO.PA,256.70001220703125,256.70001220703125,251.39999389648438,253.0,258883
2025-04-22,HO.PA,253.10000610351562,256.20001220703125,251.3000030517578,252.89999389648438,325074
2025-04-23,HO.PA,253.5,254.0,244.89999389648438,250.8000030517578,323481
2025-04-24,HO.PA,239.0,242.89999389648438,235.5,241.3000030517578,546493
2025-04-25,HO.PA,239.3000030517578,240.6999969482422,233.1999969482422,233.8000030517578,349794
2025-04-16,KER.PA,160.0800018310547,164.82000732421875,159.5399932861328,164.82000732421875,281182
2025-04-17,KER.PA,163.86000061035156,166.86000061035156,163.1199951171875,164.47999572753906,257072
2025-04-22,KER.PA,166.9600067138672,170.1999969482422,161.86000061035156,169.9199981689453,274861
2025-04-23,KER.PA,172.8000030517578,181.8000030517578,172.8000030517578,174.94000244140625,499428
2025-04-24,KER.PA,163.39999389648438,173.24000549316406,162.8000030517578,173.24000549316406,553990
2025-04-25,KER.PA,176.47999572753906,178.82000732421875,172.24000549316406,174.5,280094
2025-04-16,LR.PA,93.54000091552734,93.9800033569336,92.4000015258789,93.91999816894531,379142
2025-04-17,LR.PA,94.31999969482422,95.12000274658203,92.63999938964844,93.66000366210938,410568
2025-04-22,LR.PA,93.55999755859375,93.68000030517578,90.91999816894531,92.12000274658203,503373
2025-04-23,LR.PA,93.5999984741211,96.04000091552734,92.87999725341797,94.55999755859375,867479
2025-04-24,LR.PA,94.37999725341797,95.80000305175781,94.0199966430664,95.80000305175781,431043
2025-04-25,LR.PA,96.4000015258789,97.5199966430664,96.0199966430664,97.05999755859375,405431
2025-04-16,MC.PA,483.0,489.0,479.29998779296875,485.20001220703125,1094429
2025-04-17,MC.PA,482.1000061035156,493.29998779296875,480.95001220703125,485.6000061035156,902702
2025-04-22,MC.PA,489.45001220703125,489.79998779296875,471.25,487.29998779296875,809138
2025-04-23,MC.PA,492.3500061035156,515.0999755859375,491.8500061035156,500.29998779296875,844261
2025-04-24,MC.PA,490.25,501.79998779296875,486.04998779296875,499.70001220703125,605877
2025-04-25,MC.PA,504.0,506.5,497.25,498.79998779296875,561897
2025-04-16,ML.PA,30.280000686645508,30.309999465942383,29.670000076293945,30.059999465942383,1648144
2025-04-17,ML.PA,30.190000534057617,30.3700008392334,29.81999969482422,30.219999313354492,1248750
2025-04-22,ML.PA,30.469999313354492,30.5,30.1299991607666,30.350000381469727,1313579
2025-04-23,ML.PA,30.739999771118164,31.200000762939453,30.579999923706055,30.790000915527344,2107794
2025-04-24,ML.PA,30.690000534057617,30.850000381469727,30.549999237060547,30.850000381469727,1436214
2025-04-25,ML.PA,31.579999923706055,32.08000183105469,31.239999771118164,31.3799991607666,2099375
2025-04-16,MT.AS,23.540000915527344,24.040000915527344,23.280000686645508,24.020000457763672,1387759
2025-04-17,MT.AS,24.020000457763672,24.190000534057617,23.649999618530273,23.81999969482422,1175366
2025-04-22,MT.AS,23.850000381469727,24.229999542236328,23.770000457763672,24.18000030517578,1721227
2025-04-23,MT.AS,24.670000076293945,26.0,24.56999969482422,25.469999313354492,3518214
2025-04-24,MT.AS,25.399999618530273,25.56999969482422,25.139999389648438,25.549999237060547,1387213
2025-04-25,MT.AS,25.75,26.049999237060547,25.59000015258789,25.959999084472656,1371572
2025-04-16,OR.PA,342.3999938964844,343.5,337.1000061035156,341.6000061035156,532235
2025-04-17,OR.PA,337.70001220703125,345.70001220703125,337.04998779296875,341.8500061035156,428214
2025-04-22,OR.PA,349.3999938964844,363.79998779296875,346.8500061035156,363.3999938964844,702089
2025-04-23,OR.PA,363.95001220703125,380.3500061035156,363.45001220703125,374.5,772320
2025-04-24,OR.PA,374.75,380.79998779296875,373.70001220703125,380.79998779296875,412817
2025-04-25,OR.PA,382.3500061035156,383.6000061035156,374.20001220703125,374.20001220703125,423532
2025-04-16,ORA.PA,12.5,12.5600004196167,12.380000114440918,12.510000228881836,7481262
2025-04-17,ORA.PA,12.46500015258789,12.645000457763672,12.460000038146973,12.579999923706055,5867249
2025-04-22,ORA.PA,12.545000076293945,12.789999961853027,12.524999618530273,12.75,8584541
2025-04-23,ORA.PA,12.75,12.770000457763672,12.53499984741211,12.65999984741211,10961798
2025-04-24,ORA.PA,12.5600004196167,12.75,12.430000305175781,12.704999923706055,8141710
2025-04-25,ORA.PA,12.645000457763672,12.654999732971191,12.329999923706055,12.329999923706055,8575485
2025-04-16,PUB.PA,85.81999969482422,86.33999633789062,83.27999877929688,83.81999969482422,836628
2025-04-17,PUB.PA,83.63999938964844,85.63999938964844,83.18000030517578,84.83999633789062,539494
2025-04-22,PUB.PA,84.5199966430664,85.30000305175781,83.86000061035156,85.18000030517578,652945
2025-04-23,PUB.PA,86.0,88.23999786376953,86.0,86.26000213623047,1038256
2025-04-24,PUB.PA,86.16000366210938,87.36000061035156,86.12000274658203,87.22000122070312,464920
2025-04-25,PUB.PA,88.63999938964844,89.80000305175781,88.19999694824219,88.81999969482422,886680
2025-04-16,RI.PA,91.18000030517578,92.86000061035156,90.76000213623047,92.86000061035156,568991
2025-04-17,RI.PA,91.4000015258789,93.23999786376953,91.4000015258789,92.23999786376953,439051
2025-04-22,RI.PA,94.5,95.0,91.9000015258789,94.69999694824219,492248
2025-04-23,RI.PA,95.73999786376953,97.95999908447266,95.62000274658203,96.54000091552734,600266
2025-04-24,RI.PA,96.19999694824219,97.13999938964844,95.77999877929688,96.73999786376953,511566
2025-04-25,RI.PA,96.5,97.22000122070312,95.27999877929688,95.77999877929688,594347
2025-04-16,RMS.PA,2336.0,2368.0,2299.0,2363.0,63564
2025-04-17,RMS.PA,2279.0,2346.0,2264.0,2287.0,105292
2025-04-22,RMS.PA,2306.0,2310.0,2235.0,2306.0,64050
2025-04-23,RMS.PA,2322.0,2404.0,2307.0,2358.0,88805
2025-04-24,RMS.PA,2363.0,2393.0,2331.0,2385.0,47340
2025-04-25,RMS.PA,2411.0,2423.0,2370.0,2381.0,61085
2025-04-16,RNO.PA,44.220001220703125,44.31999969482422,43.38999938964844,43.86000061035156,797843
2025-04-17,RNO.PA,43.95000076293945,44.18000030517578,43.33000183105469,43.88999938964844,1029707
2025-04-22,RNO.PA,44.220001220703125,44.54999923706055,43.79999923706055,44.54999923706055,1003382
2025-04-23,RNO.PA,45.06999969482422,45.650001525878906,44.7599983215332,44.95000076293945,1295472
2025-04-24,RNO.PA,45.0,46.970001220703125,44.959999084472656,46.91999816894531,1199368
2025-04-25,RNO.PA,47.0,47.2599983215332,46.470001220703125,46.790000915527344,983357
2025-04-16,SAF.PA,214.89999389648438,215.3000030517578,211.39999389648438,214.5,662327
2025-04-17,SAF.PA,214.3000030517578,215.3000030517578,211.0,212.1999969482422,451730
2025-04-22,SAF.PA,213.0,215.1999969482422,209.60000610351562,214.39999389648438,794446
2025-04-23,SAF.PA,217.0,220.89999389648438,216.60000610351562,219.39999389648438,787226
2025-04-24,SAF.PA,219.39999389648438,221.1999969482422,215.6999969482422,220.89999389648438,602860
2025-04-25,SAF.PA,230.8000030517578,232.6999969482422,225.5,230.10000610351562,845271
2025-04-16,SAN.PA,90.30999755859375,91.62000274658203,89.63999938964844,90.38999938964844,2678641
2025-04-17,SAN.PA,89.6500015258789,90.87000274658203,89.37000274658203,90.70999908447266,2027612
2025-04-22,SAN.PA,90.19999694824219,91.16000366210938,88.54000091552734,91.16000366210938,2221684
2025-04-23,SAN.PA,91.9000015258789,93.36000061035156,91.41000366210938,93.23999786376953,2641943
2025-04-24,SAN.PA,93.97000122070312,93.97000122070312,91.93000030517578,93.3499984741211,2475345
2025-04-25,SAN.PA,93.80000305175781,94.31999969482422,92.12999725341797,92.36000061035156,2810209
2025-04-16,SGO.PA,88.9800033569336,89.44000244140625,88.04000091552734,88.9000015258789,1167970
2025-04-17,SGO.PA,88.5999984741211,89.26000213623047,86.0199966430664,86.58000183105469,934645
2025-04-22,SGO.PA,85.86000061035156,85.91999816894531,84.66000366210938,85.91999816894531,1172725
2025-04-23,SGO.PA,88.0999984741211,91.18000030517578,87.5,90.0199966430664,1674466
2025-04-24,SGO.PA,89.37999725341797,90.4000015258789,88.08000183105469,90.30000305175781,938868
2025-04-25,SGO.PA,93.4800033569336,94.91999816894531,92.9800033569336,94.5,1874602
2025-04-16,STLAP.PA,8.199999809265137,8.22599983215332,7.955999851226807,8.218000411987305,4077836
2025-04-17,STLAP.PA,8.225000381469727,8.319999694824219,8.128000259399414,8.281999588012695,2874082
2025-04-22,STLAP.PA,7.841000080108643,7.89900016784668,7.264999866485596,7.716000080108643,9500835
2025-04-23,STLAP.PA,7.942999839782715,8.149999618530273,7.849999904632568,7.934000015258789,4982256
2025-04-24,STLAP.PA,7.914999961853027,8.128000259399414,7.8470001220703125,8.119000434875488,2467648
2025-04-25,STLAP.PA,8.267999649047852,8.380000114440918,8.092000007629395,8.194999694824219,2638307
2025-04-16,STMPA.PA,17.850000381469727,18.097999572753906,17.753999710083008,18.062000274658203,2443339
2025-04-17,STMPA.PA,18.152000427246094,18.323999404907227,17.733999252319336,17.93000030517578,2238239
2025-04-22,STMPA.PA,17.899999618530273,18.260000228881836,17.757999420166016,18.145999908447266,2533971
2025-04-23,STMPA.PA,18.75200080871582,19.48200035095215,18.59600067138672,19.22599983215332,4251649
2025-04-24,STMPA.PA,19.5,20.65999984741211,19.43600082397461,20.239999771118164,4415314
2025-04-25,STMPA.PA,20.489999771118164,20.690000534057617,20.079999923706055,20.415000915527344,2121987
2025-04-16,SU.PA,205.3000030517578,206.0,201.89999389648438,205.85000610351562,1006097
2025-04-17,SU.PA,209.9499969482422,211.5500030517578,203.6999969482422,205.3000030517578,755031
2025-04-22,SU.PA,202.1999969482422,202.39999389648438,196.5399932861328,199.60000610351562,1097851
2025-04-23,SU.PA,201.75,214.60000610351562,200.0,208.9499969482422,1920138
2025-04-24,SU.PA,208.85000610351562,213.0,207.14999389648438,213.0,1029273
2025-04-25,SU.PA,217.0,220.14999389648438,215.5,217.85000610351562,1094480
2025-04-16,TEP.PA,91.30000305175781,91.63999938964844,90.44000244140625,90.76000213623047,207835
2025-04-17,TEP.PA,90.9800033569336,91.19999694824219,88.86000061035156,89.0,189980
2025-04-22,TEP.PA,89.19999694824219,89.36000061035156,88.16000366210938,89.0,137495
2025-04-23,TEP.PA,89.9000015258789,91.5999984741211,89.19999694824219,90.76000213623047,213048
2025-04-24,TEP.PA,89.69999694824219,91.45999908447266,88.69999694824219,91.27999877929688,179041
2025-04-25,TEP.PA,91.4000015258789,92.18000030517578,90.86000061035156,92.13999938964844,134911
2025-04-16,TTE.PA,49.959999084472656,51.70000076293945,49.849998474121094,51.68000030517578,4245563
2025-04-17,TTE.PA,51.540000915527344,51.9900016784668,51.040000915527344,51.650001525878906,4393408
2025-04-22,TTE.PA,51.66999816894531,52.02000045776367,51.279998779296875,51.869998931884766,3370008
2025-04-23,TTE.PA,52.599998474121094,53.31999969482422,51.7400016784668,51.9900016784668,5575627
2025-04-24,TTE.PA,52.11000061035156,52.5099983215332,51.869998931884766,52.150001525878906,4292524
2025-04-25,TTE.PA,52.560001373291016,52.959999084472656,52.310001373291016,52.7599983215332,3833980
2025-04-16,URW.PA,69.73999786376953,70.18000030517578,69.4800033569336,70.13999938964844,212363
2025-04-17,URW.PA,70.23999786376953,71.4800033569336,69.77999877929688,71.4000015258789,316846
2025-04-22,URW.PA,71.41999816894531,72.55999755859375,70.91999816894531,71.94000244140625,206978
2025-04-23,URW.PA,72.30000305175781,73.26000213623047,71.91999816894531,72.19999694824219,352677
2025-04-24,URW.PA,72.68000030517578,73.13999938964844,71.9800033569336,72.58000183105469,204441
2025-04-25,URW.PA,73.19999694824219,73.9000015258789,72.55999755859375,73.16000366210938,254487
2025-04-16,VIE.PA,30.399999618530273,30.959999084472656,30.219999313354492,30.940000534057617,2009053
2025-04-17,VIE.PA,30.920000076293945,31.09000015258789,30.600000381469727,30.989999771118164,2061847
2025-04-22,VIE.PA,30.989999771118164,31.280000686645508,30.809999465942383,31.200000762939453,1838254
2025-04-23,VIE.PA,31.68000030517578,31.729999542236328,31.149999618530273,31.260000228881836,2113449
2025-04-24,VIE.PA,31.290000915527344,31.520000457763672,31.219999313354492,31.420000076293945,1705017
2025-04-25,VIE.PA,31.479999542236328,31.75,31.469999313354492,31.559999465942383,1166518
2025-04-16,VIV.PA,2.4140000343322754,2.4709999561309814,2.385999917984009,2.4630000591278076,3065462
2025-04-17,VIV.PA,2.4649999141693115,2.500999927520752,2.447999954223633,2.4790000915527344,1629278
2025-04-22,VIV.PA,2.4790000915527344,2.5820000171661377,2.453000068664551,2.5739998817443848,3226057
2025-04-23,VIV.PA,2.5980000495910645,2.632999897003174,2.5480000972747803,2.5989999771118164,3652134
2025-04-24,VIV.PA,2.5889999866485596,2.6080000400543213,2.563999891281128,2.5999999046325684,1915009
2025-04-25,VIV.PA,2.622999906539917,2.6410000324249268,2.5869998931884766,2.6050000190734863,1637107
